Shipment_ID,Order_Date,Warehouse_ID,Carrier_ID,Promised_Ship_Date,Actual_Ship_Date,Shipment_Weight_Lbs,Freight_Cost
SHP-10001,2025-08-01,WH-006,CR-105,2025-08-03,2025-08-02,1491,256.89
SHP-10002,2025-08-01,WH-005,CR-103,2025-08-02,2025-08-01,360,78.25
SHP-10003,2025-08-01,WH-006,CR-104,2025-08-03,2025-08-05,985,167.30
SHP-10004,2025-08-01,WH-006,CR-104,2025-08-03,2025-08-02,2180,346.68
SHP-10005,2025-08-01,WH-002,CR-101,2025-08-03,2025-08-03,1628,276.78
SHP-10006,2025-08-01,WH-006,CR-101,2025-08-03,2025-08-02,143,52.40
SHP-10007,2025-08-02,WH-004,CR-103,2025-08-04,2025-08-04,2286,369.23
SHP-10008,2025-08-02,WH-004,CR-104,2025-08-03,2025-08-03,1480,240.25
SHP-10009,2025-08-02,WH-002,CR-103,2025-08-04,2025-08-04,1945,310.01
SHP-10010,2025-08-03,WH-001,CR-101,2025-08-05,2025-08-04,2171,358.50
SHP-10011,2025-08-04,WH-005,CR-103,2025-08-05,2025-08-05,1626,264.05
SHP-10012,2025-08-04,WH-001,CR-103,2025-08-06,2025-08-06,129,48.23
SHP-10013,2025-08-04,WH-002,CR-104,2025-08-06,2025-08-05,1099,183.69
SHP-10014,2025-08-05,WH-001,CR-104,2025-08-06,2025-08-06,1661,267.89
SHP-10015,2025-08-05,WH-006,CR-102,2025-08-06,2025-08-06,1366,235.14
SHP-10016,2025-08-05,WH-004,CR-102,2025-08-06,2025-08-06,2080,343.55
SHP-10017,2025-08-05,WH-005,CR-102,2025-08-07,2025-08-06,630,130.05
SHP-10018,2025-08-05,WH-006,CR-103,2025-08-06,2025-08-06,1410,229.04
SHP-10019,2025-08-05,WH-002,CR-104,2025-08-07,2025-08-10,2127,340.31
SHP-10020,2025-08-06,WH-005,CR-105,2025-08-07,2025-08-08,2453,397.76
SHP-10021,2025-08-06,WH-001,CR-105,2025-08-07,2025-08-07,44,40.82
SHP-10022,2025-08-06,WH-006,CR-101,2025-08-07,2025-08-08,435,102.03
SHP-10023,2025-08-07,WH-002,CR-101,2025-08-09,2025-08-09,743,151.92
SHP-10024,2025-08-07,WH-001,CR-102,2025-08-09,2025-08-09,147,46.79
SHP-10025,2025-08-08,WH-006,CR-105,2025-08-09,2025-08-09,2276,369.68
SHP-10026,2025-08-08,WH-002,CR-102,2025-08-09,2025-08-09,1003,182.63
SHP-10027,2025-08-08,WH-004,CR-102,2025-08-10,2025-08-10,2051,344.37
SHP-10028,2025-08-09,WH-002,CR-103,2025-08-10,2025-08-11,475,98.83
SHP-10029,2025-08-09,WH-003,CR-105,2025-08-11,2025-08-10,952,172.40
SHP-10030,2025-08-09,WH-001,CR-105,2025-08-11,2025-08-13,1135,202.19
SHP-10031,2025-08-09,WH-006,CR-102,2025-08-10,2025-08-10,1000,178.29
SHP-10032,2025-08-10,WH-003,CR-104,2025-08-11,2025-08-11,417,89.36
SHP-10033,2025-08-13,WH-002,CR-103,2025-08-15,2025-08-15,1026,174.30
SHP-10034,2025-08-13,WH-004,CR-102,2025-08-14,2025-08-13,669,136.85
SHP-10035,2025-08-13,WH-004,CR-105,2025-08-14,2025-08-14,2154,351.66
SHP-10036,2025-08-14,WH-005,CR-102,2025-08-16,2025-08-16,36,38.53
SHP-10037,2025-08-14,WH-003,CR-105,2025-08-16,2025-08-16,321,80.93
SHP-10038,2025-08-14,WH-001,CR-103,2025-08-15,2025-08-15,1587,254.64
SHP-10039,2025-08-15,WH-004,CR-105,2025-08-16,2025-08-17,1831,307.44
SHP-10040,2025-08-16,WH-001,CR-105,2025-08-17,2025-08-17,654,127.55
SHP-10041,2025-08-16,WH-002,CR-103,2025-08-17,2025-08-17,698,132.81
SHP-10042,2025-08-16,WH-003,CR-104,2025-08-18,2025-08-17,2371,378.31
SHP-10043,2025-08-16,WH-003,CR-101,2025-08-18,2025-08-18,963,185.56
SHP-10044,2025-08-17,WH-003,CR-104,2025-08-19,2025-08-22,2333,376.35
SHP-10045,2025-08-17,WH-002,CR-103,2025-08-19,2025-08-19,966,175.16
SHP-10046,2025-08-17,WH-004,CR-101,2025-08-19,2025-08-19,1822,306.69
SHP-10047,2025-08-17,WH-002,CR-105,2025-08-19,2025-08-18,1774,292.02
SHP-10048,2025-08-18,WH-005,CR-103,2025-08-19,2025-08-20,1711,275.68
SHP-10049,2025-08-18,WH-005,CR-105,2025-08-19,2025-08-19,1483,249.94
SHP-10050,2025-08-18,WH-003,CR-105,2025-08-19,2025-08-19,1246,210.90
SHP-10051,2025-08-19,WH-005,CR-104,2025-08-20,2025-08-20,1320,215.32
SHP-10052,2025-08-19,WH-006,CR-105,2025-08-21,2025-08-21,261,72.49
SHP-10053,2025-08-20,WH-002,CR-103,2025-08-22,2025-08-21,2121,336.65
SHP-10054,2025-08-20,WH-006,CR-104,2025-08-22,2025-08-22,2457,382.66
SHP-10055,2025-08-21,WH-003,CR-102,2025-08-22,2025-08-22,2303,380.46
SHP-10056,2025-08-21,WH-004,CR-104,2025-08-23,2025-08-23,2331,365.70
SHP-10057,2025-08-22,WH-006,CR-105,2025-08-23,2025-08-23,823,152.76
SHP-10058,2025-08-22,WH-003,CR-105,2025-08-24,2025-08-24,929,163.65
SHP-10059,2025-08-23,WH-004,CR-103,2025-08-24,2025-08-24,1848,297.11
SHP-10060,2025-08-23,WH-004,CR-104,2025-08-24,2025-08-24,241,51.50
SHP-10061,2025-08-24,WH-001,CR-103,2025-08-25,2025-08-25,74,41.92
SHP-10062,2025-08-24,WH-003,CR-103,2025-08-26,2025-08-26,1393,231.85
SHP-10063,2025-08-24,WH-001,CR-102,2025-08-25,2025-08-25,1108,201.13
SHP-10064,2025-08-25,WH-006,CR-103,2025-08-27,2025-08-28,1648,274.75
SHP-10065,2025-08-26,WH-002,CR-101,2025-08-28,2025-08-27,1581,264.46
SHP-10066,2025-08-27,WH-006,CR-103,2025-08-28,2025-08-28,1593,259.61
SHP-10067,2025-08-27,WH-006,CR-102,2025-08-28,2025-08-28,71,34.91
SHP-10068,2025-08-28,WH-002,CR-104,2025-08-30,2025-08-30,1947,316.05
SHP-10069,2025-08-28,WH-001,CR-103,2025-08-29,2025-08-29,1824,302.45
SHP-10070,2025-08-28,WH-002,CR-105,2025-08-29,2025-08-29,66,38.95
SHP-10071,2025-08-28,WH-001,CR-104,2025-08-29,2025-08-29,1349,217.89
SHP-10072,2025-08-29,WH-003,CR-103,2025-08-31,2025-08-30,1697,279.44
SHP-10073,2025-08-29,WH-001,CR-105,2025-08-30,2025-08-29,933,169.04
SHP-10074,2025-08-29,WH-005,CR-103,2025-08-30,2025-08-31,177,48.43
SHP-10075,2025-08-29,WH-006,CR-102,2025-08-30,2025-08-29,357,88.96
SHP-10076,2025-08-30,WH-002,CR-103,2025-09-01,2025-08-31,678,118.89
SHP-10077,2025-08-31,WH-005,CR-101,2025-09-01,2025-08-31,342,80.16
SHP-10078,2025-08-31,WH-002,CR-103,2025-09-01,2025-09-02,2138,343.30
SHP-10079,2025-08-31,WH-002,CR-101,2025-09-02,2025-09-02,2340,387.68
SHP-10080,2025-09-01,WH-002,CR-102,2025-09-02,2025-09-02,354,83.58
SHP-10081,2025-09-01,WH-006,CR-103,2025-09-03,2025-09-03,130,50.06
SHP-10082,2025-09-03,WH-003,CR-104,2025-09-04,2025-09-07,1358,224.86
SHP-10083,2025-09-03,WH-005,CR-104,2025-09-04,2025-09-06,1129,188.82
SHP-10084,2025-09-03,WH-003,CR-101,2025-09-05,2025-09-07,163,57.86
SHP-10085,2025-09-04,WH-002,CR-103,2025-09-06,2025-09-06,2488,391.90
SHP-10086,2025-09-04,WH-001,CR-105,2025-09-05,2025-09-05,209,58.92
SHP-10087,2025-09-04,WH-004,CR-102,2025-09-05,2025-09-05,1456,247.90
SHP-10088,2025-09-05,WH-006,CR-101,2025-09-06,2025-09-05,93,49.77
SHP-10089,2025-09-05,WH-002,CR-102,2025-09-07,2025-09-08,1864,305.43
SHP-10090,2025-09-05,WH-004,CR-103,2025-09-06,2025-09-08,440,88.35
SHP-10091,2025-09-06,WH-006,CR-101,2025-09-07,2025-09-07,1798,310.82
SHP-10092,2025-09-07,WH-001,CR-104,2025-09-08,2025-09-09,1096,179.64
SHP-10093,2025-09-07,WH-005,CR-101,2025-09-08,2025-09-10,1254,215.88
SHP-10094,2025-09-07,WH-006,CR-101,2025-09-08,2025-09-08,845,158.35
SHP-10095,2025-09-07,WH-002,CR-105,2025-09-08,2025-09-08,1373,234.40
SHP-10096,2025-09-07,WH-004,CR-105,2025-09-09,2025-09-09,1723,290.50
SHP-10097,2025-09-07,WH-001,CR-105,2025-09-08,2025-09-09,257,76.68
SHP-10098,2025-09-07,WH-003,CR-105,2025-09-08,2025-09-08,2494,399.30
SHP-10099,2025-09-07,WH-003,CR-101,2025-09-09,2025-09-09,1067,200.88
SHP-10100,2025-09-08,WH-004,CR-105,2025-09-09,2025-09-13,70,48.93
SHP-10101,2025-09-08,WH-006,CR-101,2025-09-09,2025-09-09,957,171.07
SHP-10102,2025-09-09,WH-005,CR-103,2025-09-10,2025-09-10,744,131.35
SHP-10103,2025-09-09,WH-005,CR-103,2025-09-11,2025-09-10,1672,272.49
SHP-10104,2025-09-10,WH-005,CR-105,2025-09-11,2025-09-11,329,83.51
SHP-10105,2025-09-10,WH-006,CR-105,2025-09-12,2025-09-11,2198,353.87
SHP-10106,2025-09-11,WH-003,CR-102,2025-09-12,2025-09-11,1383,241.07
SHP-10107,2025-09-11,WH-005,CR-104,2025-09-13,2025-09-15,262,64.98
SHP-10108,2025-09-11,WH-006,CR-101,2025-09-12,2025-09-12,1959,321.19
SHP-10109,2025-09-12,WH-006,CR-104,2025-09-13,2025-09-13,749,133.78
SHP-10110,2025-09-12,WH-001,CR-102,2025-09-13,2025-09-12,883,167.17
SHP-10111,2025-09-12,WH-003,CR-105,2025-09-14,2025-09-13,39,38.42
SHP-10112,2025-09-12,WH-002,CR-105,2025-09-13,2025-09-12,552,115.94
SHP-10113,2025-09-12,WH-005,CR-104,2025-09-13,2025-09-13,2018,320.72
SHP-10114,2025-09-12,WH-001,CR-102,2025-09-13,2025-09-13,542,115.75
SHP-10115,2025-09-13,WH-005,CR-102,2025-09-14,2025-09-14,1809,300.96
SHP-10116,2025-09-13,WH-002,CR-105,2025-09-14,2025-09-14,1701,290.61
SHP-10117,2025-09-14,WH-001,CR-103,2025-09-16,2025-09-16,2163,347.01
SHP-10118,2025-09-14,WH-004,CR-101,2025-09-16,2025-09-15,729,137.64
SHP-10119,2025-09-14,WH-006,CR-104,2025-09-15,2025-09-14,2025,318.51
SHP-10120,2025-09-15,WH-003,CR-103,2025-09-17,2025-09-20,2117,346.32
SHP-10121,2025-09-15,WH-006,CR-103,2025-09-17,2025-09-18,287,64.71
SHP-10122,2025-09-15,WH-006,CR-105,2025-09-17,2025-09-17,1959,328.14
SHP-10123,2025-09-15,WH-003,CR-102,2025-09-16,2025-09-18,1868,314.36
SHP-10124,2025-09-16,WH-002,CR-105,2025-09-17,2025-09-17,1113,199.49
SHP-10125,2025-09-16,WH-004,CR-101,2025-09-17,2025-09-17,128,46.39
SHP-10126,2025-09-16,WH-006,CR-101,2025-09-17,2025-09-16,2441,396.04
SHP-10127,2025-09-16,WH-003,CR-103,2025-09-17,2025-09-16,477,98.54
SHP-10128,2025-09-16,WH-002,CR-105,2025-09-17,2025-09-16,2403,395.41
SHP-10129,2025-09-17,WH-005,CR-102,2025-09-18,2025-09-18,2479,394.19
SHP-10130,2025-09-17,WH-006,CR-104,2025-09-19,2025-09-19,1639,262.37
SHP-10131,2025-09-17,WH-003,CR-105,2025-09-19,2025-09-19,685,135.76
SHP-10132,2025-09-17,WH-003,CR-103,2025-09-18,2025-09-19,1879,302.33
SHP-10133,2025-09-17,WH-003,CR-103,2025-09-19,2025-09-19,1760,293.05
SHP-10134,2025-09-17,WH-002,CR-103,2025-09-18,2025-09-18,1127,193.90
SHP-10135,2025-09-18,WH-005,CR-101,2025-09-19,2025-09-19,2331,383.28
SHP-10136,2025-09-18,WH-005,CR-102,2025-09-20,2025-09-20,1333,224.08
SHP-10137,2025-09-18,WH-005,CR-103,2025-09-19,2025-09-19,331,77.75
SHP-10138,2025-09-19,WH-004,CR-104,2025-09-21,2025-09-22,481,85.74
SHP-10139,2025-09-19,WH-001,CR-102,2025-09-20,2025-09-20,1949,326.76
SHP-10140,2025-09-19,WH-004,CR-105,2025-09-20,2025-09-19,445,92.36
SHP-10141,2025-09-20,WH-003,CR-102,2025-09-21,2025-09-21,2420,395.11
SHP-10142,2025-09-20,WH-002,CR-105,2025-09-22,2025-09-22,1810,305.50
SHP-10143,2025-09-21,WH-004,CR-101,2025-09-23,2025-09-24,642,123.92
SHP-10144,2025-09-21,WH-002,CR-102,2025-09-23,2025-09-23,239,69.06
SHP-10145,2025-09-21,WH-001,CR-105,2025-09-22,2025-09-22,1418,249.77
SHP-10146,2025-09-21,WH-003,CR-102,2025-09-23,2025-09-22,1911,309.15
SHP-10147,2025-09-21,WH-003,CR-103,2025-09-23,2025-09-22,1113,190.42
SHP-10148,2025-09-22,WH-002,CR-101,2025-09-23,2025-09-23,2108,348.82
SHP-10149,2025-09-22,WH-003,CR-103,2025-09-23,2025-09-23,963,162.20
SHP-10150,2025-09-22,WH-001,CR-101,2025-09-23,2025-09-22,1836,302.18
SHP-10151,2025-09-23,WH-004,CR-102,2025-09-25,2025-09-24,1318,221.97
SHP-10152,2025-09-23,WH-005,CR-105,2025-09-24,2025-09-24,2048,334.08
SHP-10153,2025-09-23,WH-006,CR-101,2025-09-25,2025-09-25,464,110.72
SHP-10154,2025-09-24,WH-004,CR-102,2025-09-25,2025-09-25,1912,309.30
SHP-10155,2025-09-24,WH-002,CR-104,2025-09-26,2025-09-26,1219,196.43
SHP-10156,2025-09-24,WH-002,CR-104,2025-09-26,2025-09-26,1280,216.44
SHP-10157,2025-09-24,WH-003,CR-102,2025-09-26,2025-09-27,587,111.25
SHP-10158,2025-09-24,WH-002,CR-104,2025-09-26,2025-09-26,2322,367.03
SHP-10159,2025-09-24,WH-002,CR-103,2025-09-26,2025-09-26,1679,269.94
SHP-10160,2025-09-25,WH-006,CR-101,2025-09-26,2025-09-26,691,143.42
SHP-10161,2025-09-25,WH-002,CR-105,2025-09-26,2025-09-26,583,124.72
SHP-10162,2025-09-26,WH-003,CR-104,2025-09-28,2025-09-29,2213,348.38
SHP-10163,2025-09-26,WH-006,CR-101,2025-09-28,2025-09-28,517,104.77
SHP-10164,2025-09-27,WH-002,CR-104,2025-09-28,2025-09-28,1489,250.61
SHP-10165,2025-09-27,WH-001,CR-101,2025-09-29,2025-09-28,451,94.64
SHP-10166,2025-09-28,WH-003,CR-104,2025-09-29,2025-09-29,2003,321.60
SHP-10167,2025-09-29,WH-003,CR-102,2025-10-01,2025-10-03,1425,246.43
SHP-10168,2025-09-29,WH-002,CR-102,2025-10-01,2025-10-01,1851,308.18
SHP-10169,2025-09-30,WH-006,CR-102,2025-10-02,2025-10-01,1129,197.33
SHP-10170,2025-09-30,WH-002,CR-102,2025-10-02,2025-10-02,1763,288.69
SHP-10171,2025-09-30,WH-006,CR-102,2025-10-02,2025-10-02,1982,329.18
SHP-10172,2025-09-30,WH-005,CR-101,2025-10-02,2025-10-02,1303,228.08
SHP-10173,2025-10-01,WH-006,CR-105,2025-10-03,2025-10-02,873,160.54
SHP-10174,2025-10-03,WH-006,CR-101,2025-10-04,2025-10-04,737,151.46
SHP-10175,2025-10-04,WH-006,CR-104,2025-10-05,2025-10-05,1932,310.23
SHP-10176,2025-10-04,WH-002,CR-105,2025-10-05,2025-10-07,1342,238.16
SHP-10177,2025-10-04,WH-004,CR-102,2025-10-06,2025-10-06,1432,248.63
SHP-10178,2025-10-05,WH-006,CR-104,2025-10-06,2025-10-06,1743,289.17
SHP-10179,2025-10-05,WH-003,CR-101,2025-10-07,2025-10-07,13,39.00
SHP-10180,2025-10-06,WH-002,CR-101,2025-10-07,2025-10-08,140,56.07
SHP-10181,2025-10-07,WH-005,CR-103,2025-10-09,2025-10-08,1983,328.36
SHP-10182,2025-10-07,WH-002,CR-102,2025-10-09,2025-10-09,1618,271.79
SHP-10183,2025-10-07,WH-004,CR-105,2025-10-09,2025-10-09,1939,329.07
SHP-10184,2025-10-08,WH-003,CR-101,2025-10-09,2025-10-08,1164,210.17
SHP-10185,2025-10-08,WH-004,CR-102,2025-10-10,2025-10-10,1852,312.26
SHP-10186,2025-10-09,WH-001,CR-103,2025-10-11,2025-10-11,1104,194.31
SHP-10187,2025-10-09,WH-001,CR-102,2025-10-11,2025-10-11,2485,408.45
SHP-10188,2025-10-09,WH-001,CR-104,2025-10-11,2025-10-11,910,163.05
SHP-10189,2025-10-09,WH-001,CR-103,2025-10-11,2025-10-10,182,58.16
SHP-10190,2025-10-10,WH-001,CR-103,2025-10-12,2025-10-11,1931,312.78
SHP-10191,2025-10-10,WH-005,CR-104,2025-10-12,2025-10-12,719,129.42
SHP-10192,2025-10-10,WH-002,CR-102,2025-10-11,2025-10-13,71,46.28
SHP-10193,2025-10-11,WH-006,CR-103,2025-10-12,2025-10-11,1743,289.69
SHP-10194,2025-10-11,WH-002,CR-102,2025-10-12,2025-10-12,2454,397.93
SHP-10195,2025-10-12,WH-001,CR-101,2025-10-13,2025-10-13,2341,391.47
SHP-10196,2025-10-12,WH-003,CR-103,2025-10-14,2025-10-13,1988,319.82
SHP-10197,2025-10-12,WH-006,CR-102,2025-10-14,2025-10-15,331,77.77
SHP-10198,2025-10-13,WH-003,CR-103,2025-10-15,2025-10-14,1527,253.17
SHP-10199,2025-10-13,WH-006,CR-105,2025-10-14,2025-10-13,2290,381.63
SHP-10200,2025-10-14,WH-003,CR-101,2025-10-16,2025-10-15,1821,309.49
SHP-10201,2025-10-14,WH-006,CR-104,2025-10-16,2025-10-18,959,158.04
SHP-10202,2025-10-14,WH-004,CR-105,2025-10-16,2025-10-17,1528,254.30
SHP-10203,2025-10-14,WH-006,CR-101,2025-10-16,2025-10-16,1694,285.15
SHP-10204,2025-10-14,WH-002,CR-101,2025-10-16,2025-10-16,1837,306.38
SHP-10205,2025-10-14,WH-002,CR-105,2025-10-16,2025-10-16,1884,317.30
SHP-10206,2025-10-15,WH-005,CR-101,2025-10-17,2025-10-16,542,115.90
SHP-10207,2025-10-15,WH-001,CR-102,2025-10-17,2025-10-17,1341,228.61
SHP-10208,2025-10-15,WH-003,CR-104,2025-10-16,2025-10-15,112,36.12
SHP-10209,2025-10-15,WH-004,CR-101,2025-10-16,2025-10-16,561,111.10
SHP-10210,2025-10-15,WH-006,CR-104,2025-10-17,2025-10-18,542,101.69
SHP-10211,2025-10-16,WH-003,CR-101,2025-10-18,2025-10-18,689,138.41
SHP-10212,2025-10-17,WH-001,CR-102,2025-10-19,2025-10-19,1989,329.99
SHP-10213,2025-10-17,WH-003,CR-101,2025-10-19,2025-10-20,361,82.39
SHP-10214,2025-10-18,WH-003,CR-101,2025-10-20,2025-10-24,646,131.45
SHP-10215,2025-10-19,WH-001,CR-103,2025-10-20,2025-10-20,2166,341.87
SHP-10216,2025-10-19,WH-001,CR-102,2025-10-21,2025-10-21,1243,215.56
SHP-10217,2025-10-19,WH-005,CR-102,2025-10-20,2025-10-20,2163,358.89
SHP-10218,2025-10-20,WH-006,CR-102,2025-10-22,2025-10-21,833,158.58
SHP-10219,2025-10-20,WH-004,CR-104,2025-10-22,2025-10-22,1186,195.97
SHP-10220,2025-10-20,WH-004,CR-104,2025-10-21,2025-10-21,550,108.98
SHP-10221,2025-10-20,WH-005,CR-104,2025-10-22,2025-10-21,2023,321.51
SHP-10222,2025-10-20,WH-001,CR-103,2025-10-22,2025-10-21,2063,329.99
SHP-10223,2025-10-21,WH-006,CR-104,2025-10-23,2025-10-22,1388,222.98
SHP-10224,2025-10-21,WH-006,CR-104,2025-10-22,2025-10-22,1927,310.24
SHP-10225,2025-10-21,WH-004,CR-105,2025-10-23,2025-10-23,1218,212.11
SHP-10226,2025-10-21,WH-003,CR-105,2025-10-23,2025-10-22,1669,283.70
SHP-10227,2025-10-21,WH-001,CR-101,2025-10-23,2025-10-23,1741,302.45
SHP-10228,2025-10-22,WH-005,CR-105,2025-10-23,2025-10-22,2378,392.05
SHP-10229,2025-10-23,WH-001,CR-102,2025-10-25,2025-10-25,1852,310.72
SHP-10230,2025-10-25,WH-005,CR-105,2025-10-26,2025-10-25,1284,218.12
SHP-10231,2025-10-25,WH-006,CR-104,2025-10-27,2025-10-27,1454,240.57
SHP-10232,2025-10-25,WH-002,CR-102,2025-10-26,2025-10-27,1793,293.73
SHP-10233,2025-10-25,WH-003,CR-102,2025-10-27,2025-10-27,86,47.83
SHP-10234,2025-10-26,WH-005,CR-102,2025-10-28,2025-10-28,540,111.97
SHP-10235,2025-10-26,WH-001,CR-103,2025-10-27,2025-10-27,1665,267.99
SHP-10236,2025-10-27,WH-006,CR-105,2025-10-28,2025-10-28,1069,195.13
SHP-10237,2025-10-28,WH-005,CR-101,2025-10-29,2025-10-30,2442,399.85
SHP-10238,2025-10-29,WH-004,CR-105,2025-10-31,2025-10-30,2407,391.49
SHP-10239,2025-10-29,WH-001,CR-101,2025-10-30,2025-11-02,984,182.93
SHP-10240,2025-10-29,WH-004,CR-102,2025-10-30,2025-10-30,2039,330.39
SHP-10241,2025-10-29,WH-006,CR-104,2025-10-31,2025-11-01,1571,260.69
SHP-10242,2025-10-29,WH-006,CR-105,2025-10-31,2025-10-31,728,138.78
SHP-10243,2025-10-29,WH-001,CR-103,2025-10-31,2025-10-30,484,90.42
SHP-10244,2025-10-29,WH-006,CR-104,2025-10-31,2025-11-03,2132,337.34
SHP-10245,2025-10-29,WH-006,CR-105,2025-10-30,2025-10-30,576,125.02
SHP-10246,2025-10-31,WH-004,CR-103,2025-11-02,2025-11-02,758,144.31
SHP-10247,2025-10-31,WH-002,CR-103,2025-11-01,2025-11-01,1485,253.12
SHP-10248,2025-10-31,WH-003,CR-101,2025-11-01,2025-11-02,616,126.34
SHP-10249,2025-11-01,WH-002,CR-102,2025-11-02,2025-11-02,996,178.62
SHP-10250,2025-11-01,WH-005,CR-104,2025-11-03,2025-11-03,545,102.25
SHP-10251,2025-11-01,WH-006,CR-105,2025-11-02,2025-11-02,2258,369.52
SHP-10252,2025-11-01,WH-001,CR-102,2025-11-02,2025-11-04,60,37.63
SHP-10253,2025-11-03,WH-006,CR-104,2025-11-04,2025-11-05,1261,207.11
SHP-10254,2025-11-04,WH-006,CR-104,2025-11-06,2025-11-08,818,142.69
SHP-10255,2025-11-05,WH-006,CR-101,2025-11-06,2025-11-06,74,41.21
SHP-10256,2025-11-05,WH-005,CR-104,2025-11-07,2025-11-06,524,93.86
SHP-10257,2025-11-05,WH-004,CR-102,2025-11-07,2025-11-06,1082,187.58
SHP-10258,2025-11-06,WH-005,CR-104,2025-11-07,2025-11-06,1033,181.32
SHP-10259,2025-11-06,WH-006,CR-103,2025-11-07,2025-11-06,2421,381.40
SHP-10260,2025-11-07,WH-004,CR-104,2025-11-08,2025-11-07,2254,363.86
SHP-10261,2025-11-07,WH-002,CR-103,2025-11-09,2025-11-09,1229,212.32
SHP-10262,2025-11-07,WH-001,CR-103,2025-11-08,2025-11-08,772,132.41
SHP-10263,2025-11-07,WH-001,CR-105,2025-11-08,2025-11-07,2224,367.15
SHP-10264,2025-11-08,WH-003,CR-103,2025-11-10,2025-11-10,566,108.52
SHP-10265,2025-11-09,WH-004,CR-101,2025-11-10,2025-11-10,1370,244.62
SHP-10266,2025-11-09,WH-003,CR-101,2025-11-10,2025-11-10,137,59.24
SHP-10267,2025-11-11,WH-003,CR-105,2025-11-12,2025-11-12,666,124.39
SHP-10268,2025-11-11,WH-005,CR-101,2025-11-12,2025-11-12,2300,385.23
SHP-10269,2025-11-12,WH-001,CR-102,2025-11-13,2025-11-12,1641,282.74
SHP-10270,2025-11-12,WH-002,CR-105,2025-11-14,2025-11-15,331,83.69
SHP-10271,2025-11-12,WH-002,CR-103,2025-11-13,2025-11-13,604,116.84
SHP-10272,2025-11-12,WH-006,CR-103,2025-11-14,2025-11-13,2085,337.40
SHP-10273,2025-11-12,WH-003,CR-104,2025-11-14,2025-11-14,2224,355.05
SHP-10274,2025-11-12,WH-003,CR-105,2025-11-14,2025-11-15,1778,305.29
SHP-10275,2025-11-13,WH-005,CR-101,2025-11-15,2025-11-15,550,116.11
SHP-10276,2025-11-14,WH-001,CR-105,2025-11-15,2025-11-15,964,173.43
SHP-10277,2025-11-14,WH-006,CR-105,2025-11-16,2025-11-18,237,66.25
SHP-10278,2025-11-14,WH-006,CR-103,2025-11-16,2025-11-16,1257,218.73
SHP-10279,2025-11-14,WH-002,CR-103,2025-11-16,2025-11-16,164,49.94
SHP-10280,2025-11-15,WH-006,CR-104,2025-11-16,2025-11-16,1488,244.82
SHP-10281,2025-11-15,WH-001,CR-102,2025-11-16,2025-11-17,605,125.31
SHP-10282,2025-11-15,WH-005,CR-104,2025-11-17,2025-11-18,879,145.27
SHP-10283,2025-11-15,WH-002,CR-104,2025-11-17,2025-11-17,641,111.21
SHP-10284,2025-11-16,WH-004,CR-103,2025-11-17,2025-11-17,1685,279.24
SHP-10285,2025-11-17,WH-003,CR-103,2025-11-19,2025-11-19,1141,195.89
SHP-10286,2025-11-17,WH-002,CR-103,2025-11-19,2025-11-18,1773,284.99
SHP-10287,2025-11-17,WH-006,CR-105,2025-11-19,2025-11-19,2207,357.18
SHP-10288,2025-11-18,WH-002,CR-102,2025-11-19,2025-11-19,92,48.52
SHP-10289,2025-11-18,WH-006,CR-103,2025-11-20,2025-11-19,2182,350.82
SHP-10290,2025-11-18,WH-004,CR-105,2025-11-20,2025-11-20,1636,269.30
SHP-10291,2025-11-19,WH-005,CR-101,2025-11-20,2025-11-20,786,147.30
SHP-10292,2025-11-20,WH-006,CR-101,2025-11-22,2025-11-21,2370,394.29
SHP-10293,2025-11-21,WH-002,CR-105,2025-11-23,2025-11-24,459,95.04
SHP-10294,2025-11-21,WH-005,CR-104,2025-11-23,2025-11-23,721,124.04
SHP-10295,2025-11-21,WH-001,CR-105,2025-11-23,2025-11-26,835,161.25
SHP-10296,2025-11-21,WH-005,CR-103,2025-11-23,2025-11-24,1608,272.00
SHP-10297,2025-11-22,WH-003,CR-102,2025-11-23,2025-11-22,2098,339.36
SHP-10298,2025-11-22,WH-004,CR-103,2025-11-23,2025-11-23,1541,251.09
SHP-10299,2025-11-22,WH-002,CR-102,2025-11-24,2025-11-26,2491,401.00
SHP-10300,2025-11-22,WH-002,CR-103,2025-11-23,2025-11-23,1140,201.19
SHP-10301,2025-11-23,WH-006,CR-102,2025-11-24,2025-11-24,702,128.90
SHP-10302,2025-11-24,WH-002,CR-102,2025-11-25,2025-11-29,308,74.78
SHP-10303,2025-11-24,WH-003,CR-102,2025-11-26,2025-11-26,1716,287.51
SHP-10304,2025-11-24,WH-003,CR-103,2025-11-26,2025-11-26,233,52.30
SHP-10305,2025-11-25,WH-002,CR-101,2025-11-26,2025-11-25,294,85.10
SHP-10306,2025-11-25,WH-003,CR-104,2025-11-27,2025-11-27,1305,209.25
SHP-10307,2025-11-28,WH-004,CR-101,2025-11-30,2025-11-30,1571,267.94
SHP-10308,2025-11-29,WH-006,CR-103,2025-11-30,2025-11-30,401,77.51
SHP-10309,2025-11-29,WH-002,CR-101,2025-12-01,2025-12-03,1342,236.13
SHP-10310,2025-11-29,WH-004,CR-102,2025-11-30,2025-12-01,1134,198.44
SHP-10311,2025-11-30,WH-002,CR-104,2025-12-02,2025-12-02,250,53.22
SHP-10312,2025-11-30,WH-004,CR-101,2025-12-02,2025-12-02,2269,368.80
SHP-10313,2025-11-30,WH-006,CR-104,2025-12-01,2025-12-01,1423,227.51
SHP-10314,2025-12-01,WH-003,CR-104,2025-12-02,2025-12-01,1385,225.80
SHP-10315,2025-12-01,WH-002,CR-104,2025-12-02,2025-12-01,1059,183.60
SHP-10316,2025-12-01,WH-003,CR-104,2025-12-02,2025-12-02,1814,292.28
SHP-10317,2025-12-01,WH-003,CR-101,2025-12-02,2025-12-01,1601,272.92
SHP-10318,2025-12-01,WH-003,CR-101,2025-12-03,2025-12-03,2268,369.01
SHP-10319,2025-12-01,WH-005,CR-101,2025-12-03,2025-12-03,869,168.15
SHP-10320,2025-12-02,WH-005,CR-101,2025-12-03,2025-12-03,2191,366.64
SHP-10321,2025-12-03,WH-003,CR-105,2025-12-05,2025-12-05,1752,301.65
SHP-10322,2025-12-03,WH-004,CR-103,2025-12-05,2025-12-05,2248,365.01
SHP-10323,2025-12-03,WH-003,CR-104,2025-12-05,2025-12-05,1984,312.59
SHP-10324,2025-12-04,WH-004,CR-105,2025-12-06,2025-12-06,2019,333.66
SHP-10325,2025-12-04,WH-002,CR-101,2025-12-06,2025-12-08,49,48.11
SHP-10326,2025-12-04,WH-005,CR-105,2025-12-06,2025-12-05,1596,271.04
SHP-10327,2025-12-05,WH-006,CR-105,2025-12-07,2025-12-07,2400,389.89
SHP-10328,2025-12-05,WH-002,CR-103,2025-12-07,2025-12-07,2433,395.54
SHP-10329,2025-12-05,WH-004,CR-101,2025-12-07,2025-12-09,509,108.76
SHP-10330,2025-12-06,WH-001,CR-104,2025-12-07,2025-12-07,2299,367.03
SHP-10331,2025-12-06,WH-001,CR-105,2025-12-08,2025-12-08,934,175.64
SHP-10332,2025-12-06,WH-001,CR-103,2025-12-08,2025-12-08,1360,224.93
SHP-10333,2025-12-06,WH-003,CR-104,2025-12-07,2025-12-06,722,122.02
SHP-10334,2025-12-07,WH-001,CR-104,2025-12-09,2025-12-08,2123,344.47
SHP-10335,2025-12-08,WH-006,CR-101,2025-12-10,2025-12-09,434,103.17
SHP-10336,2025-12-09,WH-001,CR-105,2025-12-10,2025-12-10,190,65.28
SHP-10337,2025-12-09,WH-005,CR-101,2025-12-11,2025-12-11,472,102.05
SHP-10338,2025-12-09,WH-003,CR-101,2025-12-10,2025-12-10,666,140.14
SHP-10339,2025-12-10,WH-006,CR-105,2025-12-11,2025-12-10,796,143.72
SHP-10340,2025-12-11,WH-002,CR-103,2025-12-12,2025-12-12,493,101.92
SHP-10341,2025-12-11,WH-001,CR-101,2025-12-12,2025-12-12,537,108.43
SHP-10342,2025-12-12,WH-004,CR-103,2025-12-13,2025-12-12,1562,254.87
SHP-10343,2025-12-12,WH-001,CR-101,2025-12-14,2025-12-14,317,82.26
SHP-10344,2025-12-12,WH-002,CR-104,2025-12-13,2025-12-13,1402,237.76
SHP-10345,2025-12-12,WH-003,CR-103,2025-12-14,2025-12-14,1448,246.61
SHP-10346,2025-12-12,WH-002,CR-104,2025-12-14,2025-12-14,203,45.93
SHP-10347,2025-12-12,WH-003,CR-102,2025-12-13,2025-12-13,140,54.85
SHP-10348,2025-12-13,WH-005,CR-105,2025-12-14,2025-12-14,2417,396.25
SHP-10349,2025-12-14,WH-003,CR-105,2025-12-16,2025-12-16,2195,358.85
SHP-10350,2025-12-14,WH-006,CR-105,2025-12-15,2025-12-15,708,137.96
SHP-10351,2025-12-14,WH-004,CR-104,2025-12-16,2025-12-17,599,112.37
SHP-10352,2025-12-14,WH-001,CR-101,2025-12-15,2025-12-15,1960,331.69
SHP-10353,2025-12-14,WH-002,CR-104,2025-12-15,2025-12-15,1618,258.63
SHP-10354,2025-12-16,WH-003,CR-103,2025-12-18,2025-12-19,1140,193.72
SHP-10355,2025-12-16,WH-005,CR-101,2025-12-17,2025-12-17,361,90.67
SHP-10356,2025-12-16,WH-005,CR-101,2025-12-18,2025-12-18,1865,311.12
SHP-10357,2025-12-17,WH-002,CR-105,2025-12-19,2025-12-18,622,124.29
SHP-10358,2025-12-17,WH-006,CR-105,2025-12-18,2025-12-17,1385,242.69
SHP-10359,2025-12-18,WH-004,CR-104,2025-12-20,2025-12-20,892,158.37
SHP-10360,2025-12-18,WH-004,CR-101,2025-12-20,2025-12-20,1249,217.09
SHP-10361,2025-12-19,WH-003,CR-104,2025-12-20,2025-12-22,1016,175.36
SHP-10362,2025-12-19,WH-003,CR-101,2025-12-20,2025-12-20,629,130.74
SHP-10363,2025-12-20,WH-006,CR-104,2025-12-21,2025-12-21,1986,313.83
SHP-10364,2025-12-20,WH-005,CR-101,2025-12-22,2025-12-21,182,62.52
SHP-10365,2025-12-20,WH-004,CR-101,2025-12-22,2025-12-22,1066,195.82
SHP-10366,2025-12-21,WH-003,CR-105,2025-12-23,2025-12-23,1366,242.89
SHP-10367,2025-12-21,WH-005,CR-102,2025-12-23,2025-12-23,2290,365.64
SHP-10368,2025-12-21,WH-006,CR-103,2025-12-23,2025-12-22,20,32.43
SHP-10369,2025-12-22,WH-001,CR-103,2025-12-23,2025-12-23,1495,242.14
SHP-10370,2025-12-22,WH-002,CR-102,2025-12-24,2025-12-24,369,88.05
SHP-10371,2025-12-22,WH-005,CR-105,2025-12-23,2025-12-23,850,164.71
SHP-10372,2025-12-23,WH-006,CR-103,2025-12-25,2025-12-25,1993,320.53
SHP-10373,2025-12-23,WH-004,CR-105,2025-12-25,2025-12-25,2486,398.88
SHP-10374,2025-12-23,WH-003,CR-104,2025-12-25,2025-12-27,283,56.36
SHP-10375,2025-12-23,WH-003,CR-105,2025-12-25,2025-12-25,685,131.38
SHP-10376,2025-12-24,WH-005,CR-105,2025-12-26,2025-12-30,972,179.79
SHP-10377,2025-12-24,WH-001,CR-102,2025-12-26,2025-12-26,1801,293.28
SHP-10378,2025-12-24,WH-004,CR-102,2025-12-25,2025-12-24,728,143.54
SHP-10379,2025-12-25,WH-006,CR-104,2025-12-26,2025-12-29,1861,294.99
SHP-10380,2025-12-25,WH-001,CR-105,2025-12-27,2025-12-27,448,104.87
SHP-10381,2025-12-26,WH-002,CR-103,2025-12-27,2025-12-28,1882,299.64
SHP-10382,2025-12-27,WH-004,CR-105,2025-12-29,2025-12-29,664,135.70
SHP-10383,2025-12-27,WH-001,CR-101,2025-12-29,2025-12-28,1382,238.07
SHP-10384,2025-12-27,WH-002,CR-105,2025-12-29,2025-12-29,1323,225.90
SHP-10385,2025-12-27,WH-002,CR-104,2025-12-28,2025-12-28,988,174.17
SHP-10386,2025-12-30,WH-006,CR-103,2025-12-31,2025-12-30,934,169.40
SHP-10387,2025-12-30,WH-003,CR-104,2026-01-01,2025-12-31,2353,378.44
SHP-10388,2026-01-01,WH-002,CR-104,2026-01-02,2026-01-02,290,64.71
SHP-10389,2026-01-01,WH-005,CR-103,2026-01-02,2026-01-02,1458,236.09
SHP-10390,2026-01-01,WH-003,CR-104,2026-01-02,2026-01-02,318,73.56
SHP-10391,2026-01-01,WH-004,CR-105,2026-01-03,2026-01-03,2120,348.70
SHP-10392,2026-01-02,WH-002,CR-103,2026-01-03,2026-01-02,1533,256.32
SHP-10393,2026-01-02,WH-003,CR-102,2026-01-03,2026-01-03,2005,332.24
SHP-10394,2026-01-02,WH-002,CR-101,2026-01-04,2026-01-04,389,91.51
SHP-10395,2026-01-02,WH-001,CR-101,2026-01-04,2026-01-04,526,113.21
SHP-10396,2026-01-03,WH-003,CR-102,2026-01-05,2026-01-05,1329,228.07
SHP-10397,2026-01-03,WH-005,CR-105,2026-01-04,2026-01-03,2388,384.41
SHP-10398,2026-01-03,WH-004,CR-101,2026-01-04,2026-01-04,1402,238.01
SHP-10399,2026-01-05,WH-001,CR-102,2026-01-07,2026-01-06,847,153.32
SHP-10400,2026-01-05,WH-004,CR-101,2026-01-06,2026-01-06,996,179.13
SHP-10401,2026-01-05,WH-004,CR-104,2026-01-07,2026-01-06,2238,354.76
SHP-10402,2026-01-06,WH-002,CR-102,2026-01-08,2026-01-08,937,177.30
SHP-10403,2026-01-06,WH-006,CR-104,2026-01-08,2026-01-07,1066,186.84
SHP-10404,2026-01-06,WH-004,CR-104,2026-01-08,2026-01-08,837,141.19
SHP-10405,2026-01-07,WH-005,CR-101,2026-01-09,2026-01-13,474,104.52
SHP-10406,2026-01-07,WH-006,CR-102,2026-01-09,2026-01-08,2190,355.04
SHP-10407,2026-01-07,WH-006,CR-104,2026-01-08,2026-01-07,1762,280.38
SHP-10408,2026-01-08,WH-001,CR-101,2026-01-10,2026-01-10,654,125.45
SHP-10409,2026-01-08,WH-004,CR-105,2026-01-09,2026-01-09,1053,182.52
SHP-10410,2026-01-08,WH-006,CR-103,2026-01-09,2026-01-08,772,139.69
SHP-10411,2026-01-08,WH-002,CR-104,2026-01-10,2026-01-10,1092,186.20
SHP-10412,2026-01-08,WH-003,CR-103,2026-01-10,2026-01-10,1832,302.91
SHP-10413,2026-01-08,WH-001,CR-104,2026-01-09,2026-01-09,1489,247.17
SHP-10414,2026-01-08,WH-001,CR-102,2026-01-10,2026-01-10,1486,258.54
SHP-10415,2026-01-09,WH-002,CR-104,2026-01-11,2026-01-11,595,106.47
SHP-10416,2026-01-09,WH-003,CR-102,2026-01-11,2026-01-11,1238,214.31
SHP-10417,2026-01-09,WH-001,CR-105,2026-01-10,2026-01-10,1142,206.07
SHP-10418,2026-01-09,WH-004,CR-102,2026-01-10,2026-01-10,1796,295.30
SHP-10419,2026-01-09,WH-004,CR-103,2026-01-11,2026-01-11,1641,264.03
SHP-10420,2026-01-10,WH-006,CR-104,2026-01-11,2026-01-10,1187,206.26
SHP-10421,2026-01-10,WH-003,CR-101,2026-01-11,2026-01-12,1484,260.52
SHP-10422,2026-01-10,WH-004,CR-105,2026-01-12,2026-01-11,2010,326.90
SHP-10423,2026-01-11,WH-006,CR-104,2026-01-13,2026-01-14,2213,352.30
SHP-10424,2026-01-12,WH-001,CR-101,2026-01-14,2026-01-13,2478,408.96
SHP-10425,2026-01-12,WH-005,CR-102,2026-01-14,2026-01-14,1317,223.67
SHP-10426,2026-01-12,WH-003,CR-104,2026-01-13,2026-01-12,1677,275.91
SHP-10427,2026-01-13,WH-006,CR-103,2026-01-15,2026-01-15,2117,348.73
SHP-10428,2026-01-14,WH-005,CR-105,2026-01-15,2026-01-14,213,65.96
SHP-10429,2026-01-14,WH-003,CR-104,2026-01-16,2026-01-15,995,170.95
SHP-10430,2026-01-14,WH-004,CR-102,2026-01-16,2026-01-15,942,164.52
SHP-10431,2026-01-15,WH-005,CR-102,2026-01-16,2026-01-18,1619,279.17
SHP-10432,2026-01-15,WH-002,CR-101,2026-01-16,2026-01-15,1597,276.76
SHP-10433,2026-01-15,WH-001,CR-105,2026-01-16,2026-01-15,1148,199.04
SHP-10434,2026-01-16,WH-004,CR-104,2026-01-18,2026-01-18,2263,353.25
SHP-10435,2026-01-17,WH-001,CR-105,2026-01-18,2026-01-18,2218,358.58
SHP-10436,2026-01-17,WH-001,CR-101,2026-01-19,2026-01-23,1784,306.43
SHP-10437,2026-01-17,WH-003,CR-103,2026-01-19,2026-01-18,229,63.75
SHP-10438,2026-01-17,WH-003,CR-101,2026-01-18,2026-01-18,972,173.48
SHP-10439,2026-01-17,WH-001,CR-101,2026-01-18,2026-01-21,2295,371.81
SHP-10440,2026-01-17,WH-003,CR-102,2026-01-18,2026-01-20,802,146.82
SHP-10441,2026-01-17,WH-006,CR-103,2026-01-19,2026-01-19,2359,380.25
SHP-10442,2026-01-18,WH-002,CR-101,2026-01-20,2026-01-20,727,148.01
SHP-10443,2026-01-18,WH-004,CR-101,2026-01-19,2026-01-19,1289,220.19
SHP-10444,2026-01-19,WH-003,CR-104,2026-01-21,2026-01-20,938,165.17
SHP-10445,2026-01-20,WH-006,CR-104,2026-01-21,2026-01-21,2197,343.20
SHP-10446,2026-01-20,WH-005,CR-102,2026-01-22,2026-01-23,688,135.77
SHP-10447,2026-01-20,WH-003,CR-105,2026-01-21,2026-01-21,1670,286.80
SHP-10448,2026-01-20,WH-001,CR-104,2026-01-21,2026-01-20,1642,267.08
SHP-10449,2026-01-20,WH-004,CR-101,2026-01-21,2026-01-22,1066,201.30
SHP-10450,2026-01-21,WH-005,CR-103,2026-01-22,2026-01-22,2058,325.70
SHP-10451,2026-01-21,WH-004,CR-102,2026-01-22,2026-01-22,590,114.16
SHP-10452,2026-01-22,WH-002,CR-101,2026-01-24,2026-01-24,277,74.06
SHP-10453,2026-01-22,WH-006,CR-102,2026-01-24,2026-01-25,590,121.87
SHP-10454,2026-01-22,WH-002,CR-105,2026-01-24,2026-01-24,1411,243.72
SHP-10455,2026-01-23,WH-002,CR-103,2026-01-25,2026-01-25,218,50.48
SHP-10456,2026-01-23,WH-006,CR-101,2026-01-24,2026-01-24,2123,347.57
SHP-10457,2026-01-23,WH-006,CR-102,2026-01-25,2026-01-25,2087,339.30
SHP-10458,2026-01-23,WH-004,CR-105,2026-01-25,2026-01-28,748,147.78
SHP-10459,2026-01-23,WH-003,CR-104,2026-01-24,2026-01-26,2108,333.93
SHP-10460,2026-01-23,WH-004,CR-105,2026-01-24,2026-01-24,454,92.25
SHP-10461,2026-01-23,WH-002,CR-103,2026-01-24,2026-01-23,537,109.80
SHP-10462,2026-01-24,WH-003,CR-102,2026-01-25,2026-01-25,694,126.83
SHP-10463,2026-01-24,WH-004,CR-104,2026-01-25,2026-01-24,688,119.90
SHP-10464,2026-01-24,WH-004,CR-104,2026-01-25,2026-01-25,2192,355.54
SHP-10465,2026-01-25,WH-001,CR-101,2026-01-27,2026-01-26,2488,411.24
SHP-10466,2026-01-26,WH-001,CR-102,2026-01-28,2026-01-28,2235,367.55
SHP-10467,2026-01-26,WH-003,CR-102,2026-01-27,2026-01-28,720,138.79
SHP-10468,2026-01-26,WH-003,CR-103,2026-01-27,2026-01-26,1664,274.62
SHP-10469,2026-01-26,WH-003,CR-104,2026-01-28,2026-01-28,2281,357.81
SHP-10470,2026-01-27,WH-001,CR-102,2026-01-28,2026-01-28,591,121.51
SHP-10471,2026-01-27,WH-002,CR-103,2026-01-29,2026-01-28,386,75.15
SHP-10472,2026-01-27,WH-001,CR-101,2026-01-28,2026-01-28,2384,389.32
SHP-10473,2026-01-28,WH-001,CR-101,2026-01-30,2026-01-30,1937,321.34
SHP-10474,2026-01-28,WH-002,CR-102,2026-01-30,2026-01-30,250,67.11
SHP-10475,2026-01-28,WH-003,CR-103,2026-01-29,2026-01-30,1510,248.13
SHP-10476,2026-01-29,WH-001,CR-105,2026-01-31,2026-01-31,2121,351.11
SHP-10477,2026-01-30,WH-005,CR-104,2026-02-01,2026-02-01,1566,249.44
SHP-10478,2026-01-30,WH-006,CR-105,2026-02-01,2026-01-31,616,118.15
SHP-10479,2026-01-31,WH-002,CR-104,2026-02-02,2026-02-02,380,72.61
SHP-10480,2026-01-31,WH-001,CR-103,2026-02-01,2026-02-01,1624,269.38
SHP-10481,2026-02-01,WH-001,CR-105,2026-02-02,2026-02-02,1594,277.72
SHP-10482,2026-02-01,WH-006,CR-105,2026-02-02,2026-02-03,1464,246.00
SHP-10483,2026-02-01,WH-002,CR-103,2026-02-03,2026-02-03,1261,212.85
SHP-10484,2026-02-01,WH-004,CR-103,2026-02-02,2026-02-02,324,72.71
SHP-10485,2026-02-02,WH-006,CR-105,2026-02-04,2026-02-03,104,41.38
SHP-10486,2026-02-02,WH-002,CR-103,2026-02-04,2026-02-04,416,81.11
SHP-10487,2026-02-03,WH-006,CR-104,2026-02-04,2026-02-06,18,21.07
SHP-10488,2026-02-03,WH-004,CR-102,2026-02-04,2026-02-06,1239,220.26
SHP-10489,2026-02-03,WH-003,CR-102,2026-02-04,2026-02-04,1712,290.09
SHP-10490,2026-02-04,WH-005,CR-101,2026-02-06,2026-02-06,429,101.89
SHP-10491,2026-02-04,WH-005,CR-102,2026-02-05,2026-02-04,2346,379.65
SHP-10492,2026-02-05,WH-003,CR-101,2026-02-06,2026-02-06,233,71.81
SHP-10493,2026-02-05,WH-005,CR-102,2026-02-07,2026-02-06,2112,343.68
SHP-10494,2026-02-06,WH-005,CR-105,2026-02-07,2026-02-06,1503,262.83
SHP-10495,2026-02-06,WH-004,CR-103,2026-02-07,2026-02-06,1914,307.45
SHP-10496,2026-02-06,WH-002,CR-101,2026-02-07,2026-02-07,1599,273.40
SHP-10497,2026-02-06,WH-002,CR-103,2026-02-07,2026-02-07,145,43.29
SHP-10498,2026-02-06,WH-005,CR-102,2026-02-08,2026-02-08,556,106.65
SHP-10499,2026-02-07,WH-002,CR-105,2026-02-08,2026-02-08,1360,237.95
SHP-10500,2026-02-07,WH-004,CR-101,2026-02-08,2026-02-08,1625,271.37
SHP-10501,2026-02-07,WH-005,CR-103,2026-02-09,2026-02-09,2363,383.88
SHP-10502,2026-02-07,WH-001,CR-103,2026-02-09,2026-02-09,2307,363.76
SHP-10503,2026-02-08,WH-001,CR-103,2026-02-09,2026-02-10,1029,174.14
SHP-10504,2026-02-10,WH-001,CR-105,2026-02-12,2026-02-12,1491,256.21
SHP-10505,2026-02-10,WH-005,CR-102,2026-02-11,2026-02-11,1489,251.91
SHP-10506,2026-02-11,WH-001,CR-103,2026-02-13,2026-02-13,1891,308.09
SHP-10507,2026-02-11,WH-003,CR-104,2026-02-13,2026-02-14,1103,189.23
SHP-10508,2026-02-11,WH-004,CR-104,2026-02-13,2026-02-13,1260,210.78
SHP-10509,2026-02-11,WH-005,CR-102,2026-02-13,2026-02-16,183,55.74
SHP-10510,2026-02-11,WH-003,CR-104,2026-02-13,2026-02-13,2444,381.89
SHP-10511,2026-02-11,WH-006,CR-103,2026-02-13,2026-02-13,2442,390.74
SHP-10512,2026-02-11,WH-001,CR-102,2026-02-13,2026-02-13,624,117.78
SHP-10513,2026-02-11,WH-003,CR-104,2026-02-12,2026-02-15,2388,385.00
SHP-10514,2026-02-12,WH-005,CR-103,2026-02-14,2026-02-17,572,117.09
SHP-10515,2026-02-13,WH-003,CR-104,2026-02-15,2026-02-14,355,70.22
SHP-10516,2026-02-14,WH-003,CR-102,2026-02-16,2026-02-16,2136,346.15
SHP-10517,2026-02-14,WH-006,CR-104,2026-02-16,2026-02-16,473,86.19
SHP-10518,2026-02-15,WH-005,CR-101,2026-02-17,2026-02-17,888,174.65
SHP-10519,2026-02-15,WH-006,CR-104,2026-02-17,2026-02-18,300,58.45
SHP-10520,2026-02-16,WH-006,CR-105,2026-02-18,2026-02-18,331,81.06
SHP-10521,2026-02-16,WH-002,CR-105,2026-02-17,2026-02-17,1298,229.25
SHP-10522,2026-02-16,WH-001,CR-103,2026-02-18,2026-02-20,786,136.40
SHP-10523,2026-02-16,WH-004,CR-101,2026-02-18,2026-02-18,2353,386.50
SHP-10524,2026-02-17,WH-005,CR-101,2026-02-19,2026-02-19,987,175.42
SHP-10525,2026-02-17,WH-001,CR-105,2026-02-19,2026-02-19,1034,191.26
SHP-10526,2026-02-17,WH-002,CR-103,2026-02-19,2026-02-18,1956,311.49
SHP-10527,2026-02-17,WH-004,CR-102,2026-02-18,2026-02-18,746,138.35
SHP-10528,2026-02-18,WH-005,CR-105,2026-02-19,2026-02-20,1901,311.78
SHP-10529,2026-02-18,WH-005,CR-102,2026-02-19,2026-02-19,1232,213.50
SHP-10530,2026-02-18,WH-006,CR-103,2026-02-20,2026-02-19,840,144.44
SHP-10531,2026-02-18,WH-001,CR-101,2026-02-20,2026-02-19,2415,399.61
SHP-10532,2026-02-18,WH-001,CR-102,2026-02-19,2026-02-19,2139,357.19
SHP-10533,2026-02-19,WH-003,CR-101,2026-02-20,2026-02-19,1421,250.16
SHP-10534,2026-02-19,WH-004,CR-101,2026-02-21,2026-02-20,889,173.47
SHP-10535,2026-02-19,WH-001,CR-101,2026-02-20,2026-02-20,1669,289.88
SHP-10536,2026-02-20,WH-001,CR-103,2026-02-22,2026-02-21,935,161.15
SHP-10537,2026-02-20,WH-005,CR-103,2026-02-22,2026-02-22,2207,355.51
SHP-10538,2026-02-20,WH-006,CR-102,2026-02-22,2026-02-22,1059,181.70
SHP-10539,2026-02-21,WH-004,CR-101,2026-02-23,2026-02-23,1543,272.25
SHP-10540,2026-02-22,WH-001,CR-105,2026-02-23,2026-02-22,1592,270.26
SHP-10541,2026-02-22,WH-003,CR-105,2026-02-23,2026-02-27,31,40.62
SHP-10542,2026-02-22,WH-003,CR-104,2026-02-23,2026-02-23,946,167.36
SHP-10543,2026-02-22,WH-005,CR-104,2026-02-23,2026-02-23,1985,316.76
SHP-10544,2026-02-24,WH-001,CR-103,2026-02-25,2026-02-25,1492,241.52
SHP-10545,2026-02-24,WH-004,CR-105,2026-02-25,2026-02-26,582,113.02
SHP-10546,2026-02-24,WH-006,CR-101,2026-02-26,2026-02-25,1247,221.54
SHP-10547,2026-02-25,WH-005,CR-102,2026-02-26,2026-02-26,735,145.22
SHP-10548,2026-02-25,WH-003,CR-105,2026-02-27,2026-02-26,1730,289.24
SHP-10549,2026-02-25,WH-003,CR-101,2026-02-27,2026-02-27,585,117.79
SHP-10550,2026-02-26,WH-005,CR-101,2026-02-27,2026-02-27,1853,311.44
SHP-10551,2026-02-26,WH-006,CR-104,2026-02-28,2026-02-28,695,118.74
SHP-10552,2026-02-26,WH-001,CR-103,2026-02-27,2026-02-27,1619,262.48
SHP-10553,2026-02-27,WH-003,CR-104,2026-02-28,2026-02-28,1450,232.30
SHP-10554,2026-02-27,WH-005,CR-102,2026-02-28,2026-02-28,696,137.01
SHP-10555,2026-02-27,WH-003,CR-101,2026-02-28,2026-02-27,1185,213.94
SHP-10556,2026-02-28,WH-003,CR-104,2026-03-01,2026-02-28,2264,367.52
SHP-10557,2026-02-28,WH-004,CR-101,2026-03-01,2026-02-28,1569,264.39
SHP-10558,2026-02-28,WH-002,CR-102,2026-03-01,2026-03-05,1809,306.11
SHP-10559,2026-02-28,WH-003,CR-104,2026-03-01,2026-03-01,837,152.04
SHP-10560,2026-02-28,WH-002,CR-104,2026-03-01,2026-03-03,232,61.41
SHP-10561,2026-02-28,WH-003,CR-104,2026-03-01,2026-03-01,2083,326.70
SHP-10562,2026-03-01,WH-003,CR-101,2026-03-03,2026-03-03,1254,215.77
SHP-10563,2026-03-01,WH-002,CR-105,2026-03-02,2026-03-03,2161,362.85
SHP-10564,2026-03-01,WH-004,CR-103,2026-03-02,2026-03-01,84,34.38
SHP-10565,2026-03-01,WH-003,CR-102,2026-03-02,2026-03-02,944,165.42
SHP-10566,2026-03-03,WH-005,CR-105,2026-03-04,2026-03-03,1999,324.19
SHP-10567,2026-03-03,WH-004,CR-105,2026-03-05,2026-03-04,1419,236.87
SHP-10568,2026-03-04,WH-003,CR-101,2026-03-06,2026-03-08,1443,246.31
SHP-10569,2026-03-04,WH-004,CR-101,2026-03-06,2026-03-06,1893,321.06
SHP-10570,2026-03-04,WH-004,CR-101,2026-03-06,2026-03-05,961,183.17
SHP-10571,2026-03-04,WH-005,CR-105,2026-03-06,2026-03-05,223,66.97
SHP-10572,2026-03-05,WH-003,CR-101,2026-03-06,2026-03-05,1082,191.22
SHP-10573,2026-03-05,WH-004,CR-105,2026-03-06,2026-03-06,725,139.51
SHP-10574,2026-03-05,WH-003,CR-105,2026-03-06,2026-03-06,1908,322.55
SHP-10575,2026-03-05,WH-005,CR-105,2026-03-07,2026-03-07,2418,386.93
SHP-10576,2026-03-05,WH-004,CR-102,2026-03-07,2026-03-07,1496,253.28
SHP-10577,2026-03-06,WH-006,CR-103,2026-03-08,2026-03-07,1585,266.95
SHP-10578,2026-03-06,WH-001,CR-102,2026-03-08,2026-03-08,639,117.96
SHP-10579,2026-03-06,WH-005,CR-101,2026-03-08,2026-03-07,2065,340.29
SHP-10580,2026-03-06,WH-006,CR-104,2026-03-08,2026-03-08,2441,383.49
SHP-10581,2026-03-06,WH-004,CR-101,2026-03-08,2026-03-08,1047,188.88
SHP-10582,2026-03-07,WH-006,CR-101,2026-03-09,2026-03-09,340,82.33
SHP-10583,2026-03-07,WH-004,CR-102,2026-03-09,2026-03-08,821,155.59
SHP-10584,2026-03-08,WH-004,CR-101,2026-03-09,2026-03-09,266,75.06
SHP-10585,2026-03-08,WH-002,CR-104,2026-03-10,2026-03-09,2251,359.57
SHP-10586,2026-03-08,WH-004,CR-104,2026-03-10,2026-03-10,1491,251.06
SHP-10587,2026-03-10,WH-005,CR-104,2026-03-11,2026-03-10,535,95.05
SHP-10588,2026-03-10,WH-005,CR-103,2026-03-12,2026-03-12,1055,184.47
SHP-10589,2026-03-11,WH-002,CR-105,2026-03-13,2026-03-13,1990,329.37
SHP-10590,2026-03-11,WH-003,CR-101,2026-03-12,2026-03-12,2111,355.17
SHP-10591,2026-03-11,WH-002,CR-101,2026-03-12,2026-03-12,1686,289.86
SHP-10592,2026-03-11,WH-006,CR-103,2026-03-12,2026-03-12,2100,337.46
SHP-10593,2026-03-11,WH-003,CR-103,2026-03-13,2026-03-15,2211,350.69
SHP-10594,2026-03-12,WH-001,CR-105,2026-03-13,2026-03-12,1362,237.55
SHP-10595,2026-03-12,WH-001,CR-102,2026-03-14,2026-03-14,1804,295.83
SHP-10596,2026-03-13,WH-001,CR-104,2026-03-15,2026-03-15,2059,330.20
SHP-10597,2026-03-13,WH-001,CR-105,2026-03-14,2026-03-14,2482,399.96
SHP-10598,2026-03-13,WH-004,CR-104,2026-03-14,2026-03-14,568,109.65
SHP-10599,2026-03-13,WH-006,CR-102,2026-03-14,2026-03-14,561,109.66
SHP-10600,2026-03-14,WH-003,CR-104,2026-03-15,2026-03-14,2065,334.62
SHP-10601,2026-03-14,WH-001,CR-102,2026-03-15,2026-03-14,361,77.59
SHP-10602,2026-03-14,WH-006,CR-101,2026-03-16,2026-03-17,72,51.67
SHP-10603,2026-03-14,WH-003,CR-103,2026-03-15,2026-03-15,1308,227.27
SHP-10604,2026-03-15,WH-005,CR-104,2026-03-16,2026-03-20,620,114.43
SHP-10605,2026-03-15,WH-006,CR-102,2026-03-17,2026-03-17,705,137.38
SHP-10606,2026-03-15,WH-005,CR-105,2026-03-17,2026-03-17,661,134.20
SHP-10607,2026-03-15,WH-001,CR-105,2026-03-16,2026-03-16,2293,380.15
SHP-10608,2026-03-15,WH-002,CR-101,2026-03-16,2026-03-17,683,135.46
SHP-10609,2026-03-16,WH-001,CR-103,2026-03-18,2026-03-18,1199,209.62
SHP-10610,2026-03-16,WH-005,CR-104,2026-03-17,2026-03-17,496,102.36
SHP-10611,2026-03-16,WH-002,CR-103,2026-03-18,2026-03-19,2452,395.77
SHP-10612,2026-03-16,WH-006,CR-104,2026-03-18,2026-03-18,1746,286.08
SHP-10613,2026-03-18,WH-004,CR-103,2026-03-19,2026-03-21,1459,249.59
SHP-10614,2026-03-19,WH-003,CR-103,2026-03-21,2026-03-21,2178,348.60
SHP-10615,2026-03-19,WH-004,CR-105,2026-03-20,2026-03-19,208,63.40
SHP-10616,2026-03-19,WH-003,CR-105,2026-03-21,2026-03-20,2331,379.02
SHP-10617,2026-03-19,WH-002,CR-103,2026-03-21,2026-03-22,1334,231.12
SHP-10618,2026-03-20,WH-001,CR-101,2026-03-22,2026-03-21,379,92.58
SHP-10619,2026-03-20,WH-001,CR-105,2026-03-21,2026-03-21,983,179.01
SHP-10620,2026-03-20,WH-001,CR-105,2026-03-21,2026-03-21,2248,363.13
SHP-10621,2026-03-20,WH-005,CR-103,2026-03-21,2026-03-21,367,72.65
SHP-10622,2026-03-21,WH-001,CR-103,2026-03-22,2026-03-21,1232,213.83
SHP-10623,2026-03-21,WH-003,CR-103,2026-03-23,2026-03-23,453,94.47
SHP-10624,2026-03-21,WH-001,CR-102,2026-03-22,2026-03-23,525,112.30
SHP-10625,2026-03-21,WH-001,CR-101,2026-03-23,2026-03-27,1130,208.52
SHP-10626,2026-03-22,WH-001,CR-103,2026-03-23,2026-03-23,2078,334.05
SHP-10627,2026-03-23,WH-005,CR-102,2026-03-25,2026-03-25,558,110.15
SHP-10628,2026-03-24,WH-001,CR-103,2026-03-26,2026-03-26,1720,278.74
SHP-10629,2026-03-24,WH-003,CR-102,2026-03-25,2026-03-25,792,145.03
SHP-10630,2026-03-25,WH-002,CR-103,2026-03-26,2026-03-28,2469,390.65
SHP-10631,2026-03-26,WH-005,CR-105,2026-03-28,2026-03-28,1341,227.78
SHP-10632,2026-03-26,WH-006,CR-103,2026-03-28,2026-03-29,162,45.27
SHP-10633,2026-03-26,WH-006,CR-101,2026-03-28,2026-03-30,608,118.54
SHP-10634,2026-03-26,WH-002,CR-104,2026-03-27,2026-03-27,1911,310.46
SHP-10635,2026-03-26,WH-006,CR-102,2026-03-27,2026-03-27,2159,346.86
SHP-10636,2026-03-27,WH-003,CR-105,2026-03-28,2026-04-01,2416,390.79
SHP-10637,2026-03-27,WH-003,CR-105,2026-03-29,2026-03-28,1542,263.62
SHP-10638,2026-03-28,WH-005,CR-103,2026-03-30,2026-04-03,2218,351.76
SHP-10639,2026-03-28,WH-004,CR-101,2026-03-30,2026-03-30,1240,225.12
SHP-10640,2026-03-29,WH-004,CR-103,2026-03-31,2026-03-31,313,68.01
SHP-10641,2026-03-29,WH-003,CR-102,2026-03-31,2026-03-30,916,170.27
SHP-10642,2026-03-29,WH-003,CR-102,2026-03-31,2026-03-31,2037,327.91
SHP-10643,2026-03-30,WH-001,CR-105,2026-04-01,2026-03-31,268,73.63
SHP-10644,2026-03-30,WH-006,CR-101,2026-03-31,2026-03-31,1969,329.73
SHP-10645,2026-03-31,WH-005,CR-105,2026-04-02,2026-04-02,1069,195.48
SHP-10646,2026-03-31,WH-005,CR-101,2026-04-01,2026-04-01,350,80.56
SHP-10647,2026-03-31,WH-004,CR-102,2026-04-01,2026-03-31,1501,251.18
SHP-10648,2026-04-01,WH-004,CR-103,2026-04-02,2026-04-01,2145,345.42
SHP-10649,2026-04-01,WH-004,CR-103,2026-04-02,2026-04-01,187,55.36
SHP-10650,2026-04-01,WH-005,CR-102,2026-04-02,2026-04-02,1416,248.89
SHP-10651,2026-04-01,WH-003,CR-103,2026-04-02,2026-04-02,1283,213.06
SHP-10652,2026-04-01,WH-006,CR-101,2026-04-03,2026-04-03,1073,189.89
SHP-10653,2026-04-01,WH-004,CR-102,2026-04-03,2026-04-03,1246,216.22
SHP-10654,2026-04-02,WH-001,CR-102,2026-04-04,2026-04-07,432,91.25
SHP-10655,2026-04-03,WH-002,CR-102,2026-04-05,2026-04-05,572,109.19
SHP-10656,2026-04-03,WH-002,CR-105,2026-04-04,2026-04-04,1008,175.75
SHP-10657,2026-04-03,WH-004,CR-102,2026-04-05,2026-04-05,531,109.02
SHP-10658,2026-04-03,WH-003,CR-103,2026-04-05,2026-04-06,2457,392.80
SHP-10659,2026-04-04,WH-004,CR-103,2026-04-05,2026-04-04,962,174.35
SHP-10660,2026-04-04,WH-005,CR-102,2026-04-05,2026-04-05,1074,185.19
SHP-10661,2026-04-04,WH-006,CR-101,2026-04-05,2026-04-05,1154,206.57
SHP-10662,2026-04-05,WH-004,CR-102,2026-04-07,2026-04-07,2465,399.12
SHP-10663,2026-04-05,WH-001,CR-103,2026-04-07,2026-04-07,2040,331.31
SHP-10664,2026-04-05,WH-006,CR-105,2026-04-07,2026-04-07,1073,192.73
SHP-10665,2026-04-06,WH-003,CR-105,2026-04-08,2026-04-07,1316,230.26
SHP-10666,2026-04-06,WH-005,CR-105,2026-04-07,2026-04-07,1885,315.06
SHP-10667,2026-04-06,WH-001,CR-101,2026-04-07,2026-04-06,270,80.51
SHP-10668,2026-04-07,WH-002,CR-102,2026-04-09,2026-04-08,2230,357.16
SHP-10669,2026-04-07,WH-003,CR-102,2026-04-09,2026-04-08,1130,194.39
SHP-10670,2026-04-07,WH-001,CR-104,2026-04-09,2026-04-10,1297,207.99
SHP-10671,2026-04-07,WH-006,CR-104,2026-04-08,2026-04-07,603,116.72
SHP-10672,2026-04-08,WH-003,CR-102,2026-04-09,2026-04-09,229,69.08
SHP-10673,2026-04-08,WH-006,CR-103,2026-04-10,2026-04-10,181,52.67
SHP-10674,2026-04-08,WH-004,CR-104,2026-04-10,2026-04-10,379,81.45
SHP-10675,2026-04-09,WH-001,CR-104,2026-04-11,2026-04-10,438,91.82
SHP-10676,2026-04-09,WH-002,CR-101,2026-04-11,2026-04-12,2468,403.90
SHP-10677,2026-04-09,WH-006,CR-101,2026-04-10,2026-04-14,1824,311.71
SHP-10678,2026-04-09,WH-002,CR-105,2026-04-11,2026-04-11,535,104.96
SHP-10679,2026-04-09,WH-004,CR-103,2026-04-10,2026-04-10,2455,388.12
SHP-10680,2026-04-09,WH-001,CR-102,2026-04-11,2026-04-11,1818,305.18
SHP-10681,2026-04-09,WH-002,CR-105,2026-04-11,2026-04-12,951,169.30
SHP-10682,2026-04-09,WH-004,CR-103,2026-04-10,2026-04-09,1515,251.34
SHP-10683,2026-04-10,WH-001,CR-101,2026-04-11,2026-04-10,1868,312.27
SHP-10684,2026-04-10,WH-004,CR-103,2026-04-12,2026-04-13,2377,382.71
SHP-10685,2026-04-11,WH-001,CR-102,2026-04-12,2026-04-12,1100,191.07
SHP-10686,2026-04-11,WH-004,CR-102,2026-04-13,2026-04-13,1169,208.00
SHP-10687,2026-04-11,WH-006,CR-105,2026-04-13,2026-04-14,2112,349.57
SHP-10688,2026-04-12,WH-003,CR-102,2026-04-14,2026-04-13,1036,187.32
SHP-10689,2026-04-12,WH-004,CR-105,2026-04-14,2026-04-17,693,133.37
SHP-10690,2026-04-12,WH-002,CR-104,2026-04-14,2026-04-13,374,82.95
SHP-10691,2026-04-12,WH-002,CR-101,2026-04-13,2026-04-12,1360,244.07
SHP-10692,2026-04-13,WH-006,CR-104,2026-04-14,2026-04-14,1189,198.17
SHP-10693,2026-04-13,WH-005,CR-105,2026-04-14,2026-04-14,598,117.97
SHP-10694,2026-04-13,WH-004,CR-105,2026-04-15,2026-04-16,572,115.99
SHP-10695,2026-04-13,WH-005,CR-101,2026-04-15,2026-04-15,1958,327.01
SHP-10696,2026-04-13,WH-005,CR-104,2026-04-14,2026-04-15,185,47.08
SHP-10697,2026-04-13,WH-005,CR-101,2026-04-15,2026-04-14,975,175.63
SHP-10698,2026-04-13,WH-002,CR-104,2026-04-15,2026-04-19,2247,364.93
SHP-10699,2026-04-16,WH-002,CR-105,2026-04-17,2026-04-20,1819,298.49
SHP-10700,2026-04-16,WH-003,CR-102,2026-04-18,2026-04-18,2263,376.07
SHP-10701,2026-04-17,WH-005,CR-102,2026-04-18,2026-04-17,2182,362.83
SHP-10702,2026-04-17,WH-002,CR-102,2026-04-19,2026-04-18,2288,370.46
SHP-10703,2026-04-17,WH-004,CR-104,2026-04-18,2026-04-18,781,135.22
SHP-10704,2026-04-17,WH-005,CR-105,2026-04-19,2026-04-18,78,41.13
SHP-10705,2026-04-18,WH-001,CR-102,2026-04-19,2026-04-19,973,173.76
SHP-10706,2026-04-19,WH-005,CR-105,2026-04-20,2026-04-21,649,123.33
SHP-10707,2026-04-20,WH-004,CR-104,2026-04-21,2026-04-21,1272,214.90
SHP-10708,2026-04-20,WH-003,CR-105,2026-04-22,2026-04-22,2316,378.55
SHP-10709,2026-04-20,WH-004,CR-105,2026-04-22,2026-04-22,1216,210.64
SHP-10710,2026-04-21,WH-003,CR-101,2026-04-23,2026-04-22,585,121.41
SHP-10711,2026-04-21,WH-006,CR-103,2026-04-22,2026-04-23,2475,398.41
SHP-10712,2026-04-22,WH-004,CR-101,2026-04-23,2026-04-22,2419,397.66
SHP-10713,2026-04-22,WH-002,CR-101,2026-04-23,2026-04-23,994,185.96
SHP-10714,2026-04-22,WH-003,CR-102,2026-04-23,2026-04-22,2069,345.76
SHP-10715,2026-04-22,WH-001,CR-104,2026-04-23,2026-04-23,1282,210.46
SHP-10716,2026-04-22,WH-005,CR-105,2026-04-23,2026-04-25,718,145.84
SHP-10717,2026-04-22,WH-003,CR-101,2026-04-23,2026-04-25,1662,277.83
SHP-10718,2026-04-22,WH-002,CR-101,2026-04-24,2026-04-24,114,53.43
SHP-10719,2026-04-22,WH-003,CR-105,2026-04-24,2026-04-23,798,148.40
SHP-10720,2026-04-23,WH-003,CR-101,2026-04-25,2026-04-25,1134,198.48
SHP-10721,2026-04-23,WH-003,CR-103,2026-04-25,2026-04-25,677,119.49
SHP-10722,2026-04-24,WH-001,CR-105,2026-04-25,2026-04-25,386,87.04
SHP-10723,2026-04-24,WH-006,CR-105,2026-04-25,2026-04-25,1756,301.86
SHP-10724,2026-04-24,WH-006,CR-103,2026-04-26,2026-04-26,1346,225.59
SHP-10725,2026-04-25,WH-005,CR-104,2026-04-26,2026-04-25,2466,383.74
SHP-10726,2026-04-25,WH-001,CR-101,2026-04-27,2026-04-27,2444,406.18
SHP-10727,2026-04-25,WH-004,CR-102,2026-04-27,2026-04-26,1763,297.24
SHP-10728,2026-04-25,WH-006,CR-101,2026-04-26,2026-04-27,2428,405.36
SHP-10729,2026-04-25,WH-004,CR-103,2026-04-26,2026-04-26,2112,334.81
SHP-10730,2026-04-26,WH-005,CR-103,2026-04-27,2026-04-26,1488,242.29
SHP-10731,2026-04-26,WH-002,CR-102,2026-04-27,2026-04-26,1461,244.91
SHP-10732,2026-04-26,WH-005,CR-101,2026-04-27,2026-04-27,246,67.14
SHP-10733,2026-04-26,WH-002,CR-102,2026-04-27,2026-04-29,2176,362.96
SHP-10734,2026-04-27,WH-003,CR-101,2026-04-29,2026-04-29,2410,389.52
SHP-10735,2026-04-28,WH-002,CR-102,2026-04-30,2026-04-30,27,40.40
SHP-10736,2026-04-29,WH-002,CR-104,2026-05-01,2026-05-01,1869,293.61
SHP-10737,2026-04-29,WH-001,CR-105,2026-05-01,2026-05-01,2088,340.39
SHP-10738,2026-04-29,WH-004,CR-104,2026-04-30,2026-04-29,2297,369.10
SHP-10739,2026-04-30,WH-005,CR-101,2026-05-01,2026-04-30,2481,406.74
SHP-10740,2026-04-30,WH-002,CR-104,2026-05-02,2026-05-01,1790,281.93
SHP-10741,2026-05-02,WH-002,CR-103,2026-05-04,2026-05-03,2014,326.42
SHP-10742,2026-05-02,WH-006,CR-104,2026-05-03,2026-05-02,152,43.58
SHP-10743,2026-05-02,WH-002,CR-103,2026-05-04,2026-05-08,1656,276.87
SHP-10744,2026-05-04,WH-006,CR-102,2026-05-06,2026-05-06,1539,259.17
SHP-10745,2026-05-04,WH-001,CR-102,2026-05-05,2026-05-05,886,155.61
SHP-10746,2026-05-04,WH-003,CR-103,2026-05-06,2026-05-05,2351,377.29
SHP-10747,2026-05-04,WH-004,CR-102,2026-05-06,2026-05-06,2425,396.50
SHP-10748,2026-05-04,WH-005,CR-103,2026-05-05,2026-05-05,54,31.53
SHP-10749,2026-05-04,WH-003,CR-102,2026-05-05,2026-05-04,1405,243.86
SHP-10750,2026-05-05,WH-001,CR-101,2026-05-07,2026-05-08,564,122.59
SHP-10751,2026-05-05,WH-004,CR-105,2026-05-06,2026-05-06,2150,352.68
SHP-10752,2026-05-06,WH-004,CR-103,2026-05-07,2026-05-06,1472,250.13
SHP-10753,2026-05-06,WH-004,CR-105,2026-05-08,2026-05-07,1427,240.28
SHP-10754,2026-05-07,WH-001,CR-105,2026-05-09,2026-05-10,962,175.78
SHP-10755,2026-05-07,WH-003,CR-102,2026-05-09,2026-05-09,1538,266.81
SHP-10756,2026-05-07,WH-005,CR-103,2026-05-09,2026-05-09,85,34.80
SHP-10757,2026-05-07,WH-005,CR-103,2026-05-08,2026-05-08,1519,245.95
SHP-10758,2026-05-08,WH-003,CR-104,2026-05-09,2026-05-09,48,24.97
SHP-10759,2026-05-08,WH-001,CR-103,2026-05-09,2026-05-09,1418,232.28
SHP-10760,2026-05-08,WH-002,CR-101,2026-05-09,2026-05-08,1924,319.12
SHP-10761,2026-05-08,WH-005,CR-104,2026-05-09,2026-05-08,1643,261.04
SHP-10762,2026-05-09,WH-003,CR-103,2026-05-11,2026-05-10,504,102.82
SHP-10763,2026-05-09,WH-003,CR-105,2026-05-10,2026-05-11,1538,266.52
SHP-10764,2026-05-09,WH-001,CR-103,2026-05-10,2026-05-09,2388,381.91
SHP-10765,2026-05-10,WH-005,CR-104,2026-05-12,2026-05-12,988,170.03
SHP-10766,2026-05-10,WH-001,CR-103,2026-05-11,2026-05-11,1836,297.16
SHP-10767,2026-05-11,WH-001,CR-101,2026-05-13,2026-05-12,1212,214.82
SHP-10768,2026-05-11,WH-004,CR-101,2026-05-13,2026-05-13,1254,225.69
SHP-10769,2026-05-11,WH-001,CR-103,2026-05-13,2026-05-12,1430,237.62
SHP-10770,2026-05-12,WH-004,CR-105,2026-05-14,2026-05-14,60,44.70
SHP-10771,2026-05-12,WH-003,CR-102,2026-05-13,2026-05-12,1363,233.19
SHP-10772,2026-05-12,WH-004,CR-105,2026-05-13,2026-05-13,1195,211.46
SHP-10773,2026-05-13,WH-006,CR-101,2026-05-14,2026-05-13,1171,209.00
SHP-10774,2026-05-13,WH-001,CR-101,2026-05-15,2026-05-15,1461,260.60
SHP-10775,2026-05-14,WH-002,CR-103,2026-05-15,2026-05-14,1267,212.76
SHP-10776,2026-05-14,WH-005,CR-104,2026-05-16,2026-05-16,1640,270.29
SHP-10777,2026-05-14,WH-005,CR-101,2026-05-15,2026-05-15,1120,196.62
SHP-10778,2026-05-15,WH-006,CR-101,2026-05-16,2026-05-16,1008,192.08
SHP-10779,2026-05-15,WH-002,CR-105,2026-05-16,2026-05-16,1557,266.70
SHP-10780,2026-05-16,WH-002,CR-105,2026-05-17,2026-05-17,1900,323.04
SHP-10781,2026-05-16,WH-002,CR-104,2026-05-18,2026-05-17,240,52.74
SHP-10782,2026-05-17,WH-001,CR-103,2026-05-19,2026-05-18,1407,227.64
SHP-10783,2026-05-17,WH-006,CR-105,2026-05-19,2026-05-19,628,124.70
SHP-10784,2026-05-17,WH-006,CR-104,2026-05-18,2026-05-17,2234,360.70
SHP-10785,2026-05-17,WH-004,CR-103,2026-05-18,2026-05-20,1892,300.44
SHP-10786,2026-05-17,WH-002,CR-103,2026-05-18,2026-05-18,494,93.26
SHP-10787,2026-05-17,WH-006,CR-104,2026-05-19,2026-05-19,174,41.44
SHP-10788,2026-05-18,WH-001,CR-104,2026-05-19,2026-05-18,1300,222.14
SHP-10789,2026-05-18,WH-001,CR-102,2026-05-20,2026-05-20,914,168.44
SHP-10790,2026-05-19,WH-002,CR-105,2026-05-20,2026-05-20,2400,392.38
SHP-10791,2026-05-19,WH-002,CR-102,2026-05-20,2026-05-19,237,68.46
SHP-10792,2026-05-20,WH-005,CR-104,2026-05-21,2026-05-21,789,133.01
SHP-10793,2026-05-20,WH-006,CR-104,2026-05-22,2026-05-22,62,30.39
SHP-10794,2026-05-20,WH-006,CR-105,2026-05-21,2026-05-21,2161,351.83
SHP-10795,2026-05-20,WH-002,CR-101,2026-05-21,2026-05-21,946,182.00
SHP-10796,2026-05-21,WH-006,CR-105,2026-05-23,2026-05-23,1423,251.67
SHP-10797,2026-05-21,WH-001,CR-103,2026-05-23,2026-05-22,494,97.48
SHP-10798,2026-05-21,WH-006,CR-104,2026-05-22,2026-05-22,317,71.65
SHP-10799,2026-05-21,WH-005,CR-103,2026-05-22,2026-05-21,910,167.25
SHP-10800,2026-05-21,WH-005,CR-102,2026-05-22,2026-05-21,2354,377.05
SHP-10801,2026-05-21,WH-001,CR-104,2026-05-22,2026-05-23,2075,325.00
SHP-10802,2026-05-22,WH-001,CR-101,2026-05-24,2026-05-23,1323,230.12
SHP-10803,2026-05-22,WH-001,CR-105,2026-05-24,2026-05-24,297,76.55
SHP-10804,2026-05-23,WH-006,CR-103,2026-05-24,2026-05-24,2118,341.10
SHP-10805,2026-05-23,WH-006,CR-103,2026-05-25,2026-05-24,391,81.09
SHP-10806,2026-05-23,WH-003,CR-104,2026-05-25,2026-05-24,748,133.70
SHP-10807,2026-05-24,WH-004,CR-105,2026-05-25,2026-05-25,2236,372.71
SHP-10808,2026-05-24,WH-002,CR-105,2026-05-25,2026-05-24,121,46.35
SHP-10809,2026-05-24,WH-002,CR-101,2026-05-25,2026-05-25,88,46.77
SHP-10810,2026-05-25,WH-005,CR-105,2026-05-26,2026-05-25,2356,387.39
SHP-10811,2026-05-26,WH-002,CR-102,2026-05-28,2026-05-28,48,42.43
SHP-10812,2026-05-26,WH-005,CR-105,2026-05-27,2026-05-26,500,111.91
SHP-10813,2026-05-26,WH-001,CR-103,2026-05-28,2026-05-29,1473,243.53
SHP-10814,2026-05-27,WH-006,CR-101,2026-05-29,2026-05-29,1233,222.75
SHP-10815,2026-05-27,WH-001,CR-102,2026-05-28,2026-05-29,1675,274.81
SHP-10816,2026-05-27,WH-001,CR-105,2026-05-28,2026-05-30,745,147.44
SHP-10817,2026-05-28,WH-002,CR-102,2026-05-29,2026-05-29,963,166.99
SHP-10818,2026-05-28,WH-002,CR-104,2026-05-29,2026-05-29,2331,375.42
SHP-10819,2026-05-29,WH-002,CR-101,2026-05-30,2026-05-29,286,82.98
SHP-10820,2026-05-30,WH-001,CR-103,2026-05-31,2026-06-01,1975,319.46
SHP-10821,2026-05-31,WH-003,CR-103,2026-06-01,2026-05-31,1856,298.46
SHP-10822,2026-05-31,WH-003,CR-103,2026-06-01,2026-06-01,2335,375.10
SHP-10823,2026-05-31,WH-002,CR-103,2026-06-01,2026-06-02,1710,275.42
SHP-10824,2026-05-31,WH-003,CR-103,2026-06-01,2026-06-02,1621,272.70
SHP-10825,2026-06-01,WH-004,CR-103,2026-06-02,2026-06-02,1855,302.01
SHP-10826,2026-06-01,WH-005,CR-103,2026-06-03,2026-06-03,1387,239.28
SHP-10827,2026-06-01,WH-001,CR-101,2026-06-02,2026-06-03,1829,306.55
SHP-10828,2026-06-01,WH-005,CR-105,2026-06-02,2026-06-01,1625,269.87
SHP-10829,2026-06-01,WH-006,CR-102,2026-06-02,2026-06-01,2486,396.60
SHP-10830,2026-06-01,WH-005,CR-102,2026-06-02,2026-06-02,1656,275.01
SHP-10831,2026-06-02,WH-005,CR-103,2026-06-04,2026-06-04,478,100.89
SHP-10832,2026-06-02,WH-004,CR-105,2026-06-04,2026-06-04,1278,229.23
SHP-10833,2026-06-03,WH-003,CR-104,2026-06-04,2026-06-05,1269,207.19
SHP-10834,2026-06-04,WH-005,CR-105,2026-06-06,2026-06-06,1245,213.73
SHP-10835,2026-06-05,WH-001,CR-104,2026-06-06,2026-06-05,2221,354.87
SHP-10836,2026-06-05,WH-006,CR-104,2026-06-07,2026-06-07,1487,246.66
SHP-10837,2026-06-06,WH-005,CR-103,2026-06-07,2026-06-07,1406,232.75
SHP-10838,2026-06-06,WH-003,CR-104,2026-06-07,2026-06-06,2227,357.56
SHP-10839,2026-06-06,WH-002,CR-105,2026-06-07,2026-06-07,950,167.70
SHP-10840,2026-06-06,WH-005,CR-101,2026-06-08,2026-06-08,1761,296.19
SHP-10841,2026-06-07,WH-005,CR-102,2026-06-09,2026-06-08,990,177.67
SHP-10842,2026-06-07,WH-002,CR-105,2026-06-08,2026-06-07,1341,235.15
SHP-10843,2026-06-08,WH-003,CR-103,2026-06-10,2026-06-10,1890,303.68
SHP-10844,2026-06-09,WH-002,CR-103,2026-06-11,2026-06-11,1395,235.83
SHP-10845,2026-06-09,WH-002,CR-103,2026-06-10,2026-06-11,493,101.41
SHP-10846,2026-06-09,WH-005,CR-101,2026-06-10,2026-06-09,493,113.51
SHP-10847,2026-06-10,WH-006,CR-105,2026-06-11,2026-06-11,434,103.08
SHP-10848,2026-06-10,WH-003,CR-102,2026-06-12,2026-06-12,1235,215.91
SHP-10849,2026-06-10,WH-001,CR-105,2026-06-12,2026-06-11,1773,291.44
SHP-10850,2026-06-10,WH-003,CR-103,2026-06-11,2026-06-10,1534,251.98
SHP-10851,2026-06-10,WH-006,CR-103,2026-06-12,2026-06-12,1111,189.24
SHP-10852,2026-06-10,WH-005,CR-103,2026-06-11,2026-06-10,116,39.19
SHP-10853,2026-06-10,WH-006,CR-104,2026-06-11,2026-06-11,1738,282.60
SHP-10854,2026-06-11,WH-006,CR-102,2026-06-12,2026-06-11,2327,380.69
SHP-10855,2026-06-12,WH-006,CR-104,2026-06-13,2026-06-14,514,99.19
SHP-10856,2026-06-12,WH-006,CR-105,2026-06-13,2026-06-12,1771,294.40
SHP-10857,2026-06-13,WH-003,CR-102,2026-06-14,2026-06-15,641,128.99
SHP-10858,2026-06-13,WH-002,CR-101,2026-06-15,2026-06-14,1173,209.10
SHP-10859,2026-06-13,WH-001,CR-102,2026-06-14,2026-06-16,1268,224.26
SHP-10860,2026-06-14,WH-004,CR-102,2026-06-15,2026-06-19,460,93.61
SHP-10861,2026-06-15,WH-004,CR-102,2026-06-17,2026-06-18,2201,352.23
SHP-10862,2026-06-15,WH-005,CR-101,2026-06-16,2026-06-16,2026,342.29
SHP-10863,2026-06-16,WH-005,CR-105,2026-06-18,2026-06-19,2330,382.22
SHP-10864,2026-06-16,WH-003,CR-102,2026-06-18,2026-06-18,2027,337.92
SHP-10865,2026-06-16,WH-002,CR-104,2026-06-18,2026-06-18,1465,236.39
SHP-10866,2026-06-16,WH-006,CR-101,2026-06-17,2026-06-16,2330,388.02
SHP-10867,2026-06-16,WH-005,CR-104,2026-06-18,2026-06-18,1666,274.78
SHP-10868,2026-06-17,WH-005,CR-102,2026-06-19,2026-06-20,620,128.38
SHP-10869,2026-06-17,WH-006,CR-102,2026-06-19,2026-06-20,621,125.18
SHP-10870,2026-06-17,WH-005,CR-102,2026-06-18,2026-06-18,1951,320.73
SHP-10871,2026-06-18,WH-002,CR-101,2026-06-20,2026-06-20,505,114.19
SHP-10872,2026-06-18,WH-005,CR-103,2026-06-20,2026-06-20,1673,271.81
SHP-10873,2026-06-18,WH-002,CR-105,2026-06-20,2026-06-20,284,67.81
SHP-10874,2026-06-18,WH-004,CR-105,2026-06-20,2026-06-20,239,72.28
SHP-10875,2026-06-18,WH-002,CR-101,2026-06-19,2026-06-19,1243,217.02
SHP-10876,2026-06-19,WH-005,CR-102,2026-06-21,2026-06-20,32,39.94
SHP-10877,2026-06-19,WH-001,CR-102,2026-06-21,2026-06-21,1181,205.82
SHP-10878,2026-06-20,WH-005,CR-104,2026-06-21,2026-06-22,36,18.76
SHP-10879,2026-06-20,WH-003,CR-103,2026-06-21,2026-06-20,2339,368.14
SHP-10880,2026-06-20,WH-003,CR-104,2026-06-21,2026-06-20,2023,323.77
SHP-10881,2026-06-21,WH-004,CR-104,2026-06-23,2026-06-23,164,45.86
SHP-10882,2026-06-21,WH-003,CR-105,2026-06-23,2026-06-22,682,133.59
SHP-10883,2026-06-21,WH-006,CR-103,2026-06-22,2026-06-22,1214,205.23
SHP-10884,2026-06-21,WH-003,CR-101,2026-06-23,2026-06-23,664,131.78
SHP-10885,2026-06-22,WH-001,CR-102,2026-06-23,2026-06-22,2377,385.01
SHP-10886,2026-06-23,WH-005,CR-104,2026-06-24,2026-06-24,1501,250.04
SHP-10887,2026-06-23,WH-006,CR-103,2026-06-24,2026-06-23,766,131.69
SHP-10888,2026-06-23,WH-005,CR-105,2026-06-25,2026-06-25,255,69.98
SHP-10889,2026-06-24,WH-001,CR-101,2026-06-26,2026-06-25,429,101.00
SHP-10890,2026-06-24,WH-006,CR-105,2026-06-25,2026-06-25,239,63.19
SHP-10891,2026-06-24,WH-003,CR-105,2026-06-26,2026-06-26,1435,244.43
SHP-10892,2026-06-24,WH-003,CR-103,2026-06-26,2026-06-26,1233,204.18
SHP-10893,2026-06-24,WH-003,CR-104,2026-06-26,2026-06-25,673,119.35
SHP-10894,2026-06-25,WH-005,CR-103,2026-06-26,2026-06-26,134,43.97
SHP-10895,2026-06-25,WH-005,CR-105,2026-06-27,2026-06-26,2075,342.17
SHP-10896,2026-06-25,WH-006,CR-101,2026-06-26,2026-06-26,183,67.12
SHP-10897,2026-06-26,WH-003,CR-102,2026-06-27,2026-06-27,1492,245.82
SHP-10898,2026-06-26,WH-005,CR-102,2026-06-27,2026-06-27,1480,250.95
SHP-10899,2026-06-26,WH-004,CR-103,2026-06-28,2026-06-28,1994,323.17
SHP-10900,2026-06-27,WH-001,CR-101,2026-06-29,2026-06-29,457,98.78
SHP-10901,2026-06-27,WH-006,CR-104,2026-06-29,2026-06-28,917,156.87
SHP-10902,2026-06-27,WH-001,CR-101,2026-06-28,2026-06-28,162,64.50
SHP-10903,2026-06-27,WH-004,CR-103,2026-06-29,2026-06-29,1556,255.43
SHP-10904,2026-06-27,WH-005,CR-102,2026-06-28,2026-06-28,1045,181.41
SHP-10905,2026-06-27,WH-004,CR-104,2026-06-28,2026-06-28,991,169.65
SHP-10906,2026-06-29,WH-003,CR-103,2026-07-01,2026-07-01,1918,305.58
SHP-10907,2026-06-29,WH-002,CR-101,2026-07-01,2026-07-01,969,178.29
SHP-10908,2026-06-30,WH-005,CR-102,2026-07-02,2026-07-01,1398,243.86
SHP-10909,2026-06-30,WH-001,CR-104,2026-07-02,2026-07-01,1398,237.69
SHP-10910,2026-07-01,WH-002,CR-103,2026-07-02,2026-07-01,366,77.89
SHP-10911,2026-07-01,WH-001,CR-101,2026-07-03,2026-07-03,10,40.39
SHP-10912,2026-07-02,WH-001,CR-102,2026-07-04,2026-07-04,2383,385.93
SHP-10913,2026-07-02,WH-006,CR-104,2026-07-03,2026-07-03,1278,213.33
SHP-10914,2026-07-02,WH-001,CR-103,2026-07-03,2026-07-03,1821,298.90
SHP-10915,2026-07-02,WH-001,CR-101,2026-07-04,2026-07-04,1485,262.21
SHP-10916,2026-07-03,WH-006,CR-103,2026-07-04,2026-07-04,1275,221.47
SHP-10917,2026-07-03,WH-005,CR-102,2026-07-05,2026-07-07,1442,242.70
SHP-10918,2026-07-03,WH-005,CR-105,2026-07-05,2026-07-05,1026,181.90
SHP-10919,2026-07-03,WH-002,CR-105,2026-07-04,2026-07-04,442,101.69
SHP-10920,2026-07-03,WH-006,CR-105,2026-07-04,2026-07-04,1047,185.37
SHP-10921,2026-07-04,WH-004,CR-103,2026-07-06,2026-07-06,231,61.15
SHP-10922,2026-07-04,WH-004,CR-103,2026-07-05,2026-07-05,210,61.56
SHP-10923,2026-07-04,WH-006,CR-102,2026-07-05,2026-07-05,1275,224.83
SHP-10924,2026-07-04,WH-005,CR-103,2026-07-06,2026-07-05,1971,324.76
SHP-10925,2026-07-04,WH-005,CR-105,2026-07-06,2026-07-06,126,44.02
SHP-10926,2026-07-04,WH-001,CR-102,2026-07-06,2026-07-06,420,87.97
SHP-10927,2026-07-04,WH-005,CR-105,2026-07-05,2026-07-05,187,52.94
SHP-10928,2026-07-05,WH-001,CR-105,2026-07-07,2026-07-07,1725,295.11
SHP-10929,2026-07-05,WH-003,CR-101,2026-07-06,2026-07-06,1982,326.36
SHP-10930,2026-07-05,WH-001,CR-104,2026-07-07,2026-07-07,1334,217.21
SHP-10931,2026-07-06,WH-001,CR-103,2026-07-08,2026-07-07,1221,207.87
SHP-10932,2026-07-06,WH-006,CR-102,2026-07-08,2026-07-07,2427,390.78
SHP-10933,2026-07-06,WH-004,CR-105,2026-07-07,2026-07-07,183,64.07
SHP-10934,2026-07-06,WH-005,CR-101,2026-07-08,2026-07-07,1121,195.45
SHP-10935,2026-07-06,WH-005,CR-102,2026-07-07,2026-07-07,1715,292.81
SHP-10936,2026-07-07,WH-006,CR-105,2026-07-09,2026-07-09,1265,216.23
SHP-10937,2026-07-07,WH-003,CR-104,2026-07-08,2026-07-08,1012,165.48
SHP-10938,2026-07-08,WH-005,CR-105,2026-07-10,2026-07-09,456,98.55
SHP-10939,2026-07-08,WH-001,CR-101,2026-07-09,2026-07-08,829,153.62
SHP-10940,2026-07-09,WH-003,CR-102,2026-07-11,2026-07-11,109,52.75
SHP-10941,2026-07-10,WH-005,CR-101,2026-07-12,2026-07-11,1928,317.16
SHP-10942,2026-07-10,WH-002,CR-103,2026-07-12,2026-07-12,1496,254.35
SHP-10943,2026-07-10,WH-005,CR-101,2026-07-11,2026-07-11,1249,228.51
SHP-10944,2026-07-10,WH-003,CR-102,2026-07-11,2026-07-10,2073,340.09
SHP-10945,2026-07-10,WH-004,CR-105,2026-07-12,2026-07-12,776,143.47
SHP-10946,2026-07-11,WH-001,CR-104,2026-07-13,2026-07-13,119,40.05
SHP-10947,2026-07-11,WH-002,CR-102,2026-07-13,2026-07-13,2313,375.91
SHP-10948,2026-07-11,WH-001,CR-105,2026-07-12,2026-07-12,2408,385.78
SHP-10949,2026-07-11,WH-006,CR-103,2026-07-13,2026-07-13,858,149.34
SHP-10950,2026-07-12,WH-004,CR-105,2026-07-14,2026-07-15,1093,195.90
SHP-10951,2026-07-12,WH-002,CR-103,2026-07-14,2026-07-14,1400,228.90
SHP-10952,2026-07-13,WH-006,CR-104,2026-07-14,2026-07-14,233,48.37
SHP-10953,2026-07-14,WH-002,CR-101,2026-07-15,2026-07-15,1804,297.62
SHP-10954,2026-07-14,WH-001,CR-102,2026-07-16,2026-07-16,529,111.62
SHP-10955,2026-07-14,WH-005,CR-105,2026-07-15,2026-07-15,1395,240.94
SHP-10956,2026-07-15,WH-004,CR-101,2026-07-16,2026-07-16,1739,297.76
SHP-10957,2026-07-15,WH-006,CR-104,2026-07-16,2026-07-16,983,161.44
SHP-10958,2026-07-16,WH-006,CR-101,2026-07-17,2026-07-16,1903,317.64
SHP-10959,2026-07-16,WH-006,CR-105,2026-07-17,2026-07-16,741,149.94
SHP-10960,2026-07-16,WH-001,CR-104,2026-07-17,2026-07-17,44,23.21
SHP-10961,2026-07-16,WH-003,CR-102,2026-07-17,2026-07-16,2226,356.13
SHP-10962,2026-07-16,WH-001,CR-102,2026-07-17,2026-07-16,176,54.58
SHP-10963,2026-07-16,WH-003,CR-104,2026-07-17,2026-07-17,1168,188.82
SHP-10964,2026-07-16,WH-002,CR-104,2026-07-17,2026-07-16,1097,180.90
SHP-10965,2026-07-17,WH-004,CR-104,2026-07-18,2026-07-17,1884,296.40
SHP-10966,2026-07-17,WH-005,CR-105,2026-07-18,2026-07-18,883,167.81
SHP-10967,2026-07-17,WH-001,CR-105,2026-07-18,2026-07-18,1619,280.66
SHP-10968,2026-07-18,WH-003,CR-105,2026-07-20,2026-07-21,510,114.64
SHP-10969,2026-07-18,WH-004,CR-101,2026-07-19,2026-07-18,405,98.42
SHP-10970,2026-07-18,WH-003,CR-105,2026-07-19,2026-07-19,617,117.82
SHP-10971,2026-07-18,WH-002,CR-102,2026-07-20,2026-07-23,1217,204.60
SHP-10972,2026-07-18,WH-002,CR-103,2026-07-20,2026-07-19,1662,265.99
SHP-10973,2026-07-18,WH-005,CR-103,2026-07-19,2026-07-21,2206,359.17
SHP-10974,2026-07-18,WH-004,CR-103,2026-07-20,2026-07-20,1077,180.55
SHP-10975,2026-07-19,WH-003,CR-102,2026-07-20,2026-07-20,2356,381.02
SHP-10976,2026-07-19,WH-001,CR-103,2026-07-20,2026-07-19,2353,381.05
SHP-10977,2026-07-19,WH-006,CR-105,2026-07-20,2026-07-20,1983,326.54
SHP-10978,2026-07-19,WH-004,CR-102,2026-07-21,2026-07-21,1597,268.67
SHP-10979,2026-07-20,WH-004,CR-105,2026-07-21,2026-07-20,655,129.65
SHP-10980,2026-07-20,WH-006,CR-104,2026-07-22,2026-07-23,791,133.58
SHP-10981,2026-07-21,WH-006,CR-104,2026-07-22,2026-07-23,381,70.64
SHP-10982,2026-07-21,WH-006,CR-102,2026-07-22,2026-07-21,1306,226.27
SHP-10983,2026-07-22,WH-006,CR-104,2026-07-23,2026-07-22,1619,261.58
SHP-10984,2026-07-23,WH-005,CR-104,2026-07-24,2026-07-24,2014,324.58
SHP-10985,2026-07-23,WH-003,CR-101,2026-07-25,2026-07-25,1290,234.49
SHP-10986,2026-07-24,WH-004,CR-101,2026-07-25,2026-07-25,990,185.65
SHP-10987,2026-07-24,WH-002,CR-102,2026-07-26,2026-07-26,2350,377.19
SHP-10988,2026-07-24,WH-006,CR-103,2026-07-25,2026-07-25,598,106.29
SHP-10989,2026-07-26,WH-001,CR-104,2026-07-27,2026-07-26,1895,302.74
SHP-10990,2026-07-26,WH-005,CR-104,2026-07-27,2026-07-27,2450,393.85
SHP-10991,2026-07-26,WH-005,CR-103,2026-07-27,2026-07-27,1200,206.70
SHP-10992,2026-07-27,WH-001,CR-101,2026-07-28,2026-07-28,963,183.95
SHP-10993,2026-07-27,WH-002,CR-104,2026-07-29,2026-07-29,1130,187.07
SHP-10994,2026-07-27,WH-002,CR-104,2026-07-28,2026-07-28,1569,255.59
SHP-10995,2026-07-27,WH-003,CR-105,2026-07-28,2026-07-27,1397,241.56
SHP-10996,2026-07-29,WH-002,CR-101,2026-07-30,2026-07-29,2128,357.44
SHP-10997,2026-07-31,WH-006,CR-101,2026-08-02,2026-08-01,2200,365.85
SHP-10998,2026-07-31,WH-001,CR-101,2026-08-01,2026-07-31,2016,334.80
SHP-10999,2026-07-31,WH-004,CR-104,2026-08-02,2026-08-01,720,128.37
SHP-11000,2026-07-31,WH-005,CR-101,2026-08-02,2026-08-01,547,122.40
