show_id,type,title,director,cast,country,date_added,release_year,rating,duration_minutes,duration_seasons,genres,description
s7840,Movie,Rebel Without a Cause,Nicholas Ray,"James Dean, Natalie Wood, Sal Mineo, Jim Backus, Ann Doran, Corey Allen, William Hopper, Rochelle Hudson, Dennis Hopper, Edward Platt",United States,2019-11-01,1955,PG-13,111,,"Classic Movies, Dramas","When Jim Stark arrives in a new town with his troubled past firmly in tow, he quickly falls for the girl next door and befriends the vulnerable Plato."
s6785,Movie,Forbidden Planet,Fred M. Wilcox,"Leslie Nielsen, Walter Pidgeon, Anne Francis, Jack Kelly, Warren Stevens, James Drury, Earl Holliman",United States,2019-11-01,1956,G,98,,"Action & Adventure, Classic Movies, Sci-Fi & Fantasy","A pulp-fiction sci-fi classic, Forbidden Planet stars Leslie Nielsen as a heroic starship captain who finds the paradise planet Altair-IV."
s6854,Movie,Gigi,"Vincente Minnelli, Charles Walters","Leslie Caron, Maurice Chevalier, Louis Jourdan, Hermione Gingold, Eva Gabor, Jacques Bergerac, Isabel Jeans, John Abbott, Edwin Jerome, Corinne Marchand",United States,2019-11-01,1958,G,115,,"Classic Movies, Comedies, Music & Musicals",Gigi's an avant-garde French waif being groomed as the fille de joie of affluent and handsome Gaston. Soon Gigi metamorphoses into a stunning beauty.
s6432,Movie,Cat on a Hot Tin Roof,Richard Brooks,"Elizabeth Taylor, Paul Newman, Burl Ives, Jack Carson, Judith Anderson, Madeleine Sherwood, Larry Gates, Vaughn Taylor",United States,2019-11-01,1958,NR,108,,"Classic Movies, Dramas","Members of a Southern clan scramble to curry favor with a dying, wealthy patriarch in this adaptation of Tennessee Williams's sizzling stage drama."
s1127,Movie,My Fair Lady,George Cukor,"Audrey Hepburn, Rex Harrison, Stanley Holloway, Wilfred Hyde-White, Gladys Cooper, Jeremy Brett, Theodore Bikel, Mona Washbourne, Isobel Elsom, John Holland, Alan Napier, Marni Nixon",United States,2021-04-01,1964,G,173,,"Classic Movies, Music & Musicals","When a Cockney flower girl takes elocution lessons from an aloof professor, he decides to introduce her to high society, transforming both their lives."
s6620,Movie,Doctor Zhivago,David Lean,"Omar Sharif, Julie Christie, Geraldine Chaplin, Rod Steiger, Alec Guinness, Tom Courtenay, Siobhan McKenna, Ralph Richardson, Jeffrey Rockland","United States, Italy, United Kingdom, Liechtenstein",2019-11-01,1965,PG-13,200,,"Classic Movies, Dramas, Romantic Movies",A young physician and his beautiful mistress get swept up in the danger and drama of the Bolshevik Revolution in this Oscar-winning epic.
s6359,Movie,Bonnie and Clyde,Arthur Penn,"Warren Beatty, Faye Dunaway, Michael J. Pollard, Gene Hackman, Estelle Parsons, Denver Pyle, Dub Taylor, Evans Evans, Gene Wilder",United States,2021-01-01,1967,R,111,,"Action & Adventure, Classic Movies, Dramas","Bonnie Parker and Clyde Barrow are young, in love and on the run during a bullet-riddled bank robbery spree across Depression-ravaged America."
s7660,Movie,Once Upon a Time in the West,Sergio Leone,"Henry Fonda, Charles Bronson, Claudia Cardinale, Jason Robards, Gabriele Ferzetti, Paolo Stoppa, Woody Strode, Jack Elam, Keenan Wynn, Frank Wolff, Lionel Stander","Italy, United States",2019-11-20,1968,PG-13,166,,"Action & Adventure, Classic Movies, International Movies","In this epic spaghetti Western, a flinty gunslinger is hired by a railroad tycoon to kill anyone standing in the way of his trans-American iron horse."
s6474,Movie,Chitty Chitty Bang Bang,Ken Hughes,"Dick Van Dyke, Sally Ann Howes, Lionel Jeffries, Gert Fröbe, Anna Quayle, Benny Hill, James Robertson Justice, Robert Helpmann, Heather Ripley, Adrian Hall, Barbara Windsor, Davy Kaye, Alexander Doré, Bernard Spear, Stanley Unwin","United Kingdom, United States",2020-01-01,1968,G,146,,"Children & Family Movies, Classic Movies, Comedies","Quirky inventor Caractacus Potts and his family travel in their magical flying car to Vulgaria, a kingdom strangely devoid of children."
s8636,Movie,True Grit,Henry Hathaway,"John Wayne, Glen Campbell, Kim Darby, Jeremy Slate, Robert Duvall, Dennis Hopper, Alfred Ryder, Strother Martin, Jeff Corey",United States,2020-01-01,1969,G,128,,"Classic Movies, Dramas",Teenage tomboy Mattie Ross enlists the help of crusty lawman Rooster Cogburn to track down the hired hand who murdered her father.